Destination Port,Flow Duration,Total Fwd Packets,Total Backward Packets,Total Length of Fwd Packets,Total Length of Bwd Packets,Fwd Packet Length Max,Bwd Packet Length Max,Flow Bytes/s,Flow Packets/s,SYN Flag Count,ACK Flag Count,Label
88,65717.09334803582,6,4,565.7709798286755,456.03689813069,97.3962352843296,84.77586198209795,3191.7424967303164,75.76070361688403,1,0,BENIGN
78,67311.23546296642,11,4,486.89545622616686,606.9470077003346,63.344274934311855,111.65630427431644,2338.527874495034,99.46030306727344,0,1,BENIGN
84,65213.22125792049,7,5,479.6405059484228,756.2176794742477,48.66678496549382,92.06492946288046,2587.009207228121,65.63150409452177,0,0,BENIGN
74,71641.14430041747,12,8,485.42049802051724,605.9113298070074,47.55683412498325,133.84909202055493,3030.535460620393,69.171074008321,0,3,BENIGN
80,74321.03897106164,8,6,413.16861695031736,662.969671424235,58.32211533250444,111.73246382364395,3504.2290317385773,95.82873538216047,0,1,BENIGN
76,78771.32995478825,9,6,537.1273791368498,691.9893984197681,85.13258774902854,130.39633632844397,4313.53081932643,56.25956229670166,0,0,BENIGN
80,76134.05861673469,8,2,476.72849504024373,787.7653121163681,67.10189470728767,115.24022360624049,2866.380786291174,76.58711282819004,0,1,BENIGN
80,70833.17952929802,5,7,509.2584165953492,819.7252942386635,86.47835759803014,103.70312834967888,2774.4537449958416,69.14158307327821,0,1,BENIGN
78,70305.22159469656,6,8,466.0182290762641,829.7978167093829,70.569832835816,111.87157046474134,2341.957980709634,82.87950136199736,0,0,BENIGN
78,70228.3344414002,3,7,564.3082092164625,608.8913102718094,69.51091957328215,73.75433177525136,2976.7439989311033,52.531869970043985,1,1,BENIGN
79,64573.09350419672,11,10,358.79337830204685,831.0333872279989,95.05301506297812,106.76023393148951,2279.2399125665534,94.67687039824837,0,0,BENIGN
73,73854.31300932949,10,5,539.5638016175761,578.6998126999468,78.5372206374269,100.93134596848292,2887.871567083683,78.27032016700453,0,1,BENIGN
82,70964.0461711917,8,8,517.6695864975841,772.3504491276354,56.2976645296388,51.303244717857226,3624.333585717508,117.17865399856238,0,0,BENIGN
79,69166.50163138856,8,4,460.70082119806267,594.3151562690721,67.4759832277554,94.06717695258274,3297.6220057107544,77.03004628437748,0,1,BENIGN
90,56723.57717883946,6,8,692.1527537172863,673.6447135621612,63.373379863567784,95.4737151497279,3800.205724665143,75.11576632090768,0,0,BENIGN
73,72195.1475909645,9,9,491.60602599228395,634.5596212464898,73.75522193238052,104.81474184475465,3168.679711350706,78.75708403629628,1,1,BENIGN
89,77778.50794662209,9,3,545.7762653024678,744.5499135865883,78.71903345607112,120.88884189414517,2759.072206734855,94.00809551365693,0,2,BENIGN
73,57673.419388648115,3,5,414.94722970946066,907.344363792586,55.970010038436314,73.14648421245128,3669.744169044655,70.02909304003293,0,1,BENIGN
83,66954.86826263045,12,7,622.8881695131548,753.2905334919899,93.67611081239718,102.18805392850857,2266.9336174156015,121.63926703404375,0,0,BENIGN
76,68576.03546279913,8,7,550.2375418575007,889.9687701514101,60.09070856422985,75.33758529107146,2289.42680596771,68.68217319061485,0,1,BENIGN
77,67822.79416690175,7,4,434.5399565810208,771.519421722925,74.87078261572586,91.13656138598725,4088.1314833893994,57.80264231651846,0,0,BENIGN
66,83564.63922412618,9,4,655.8891816571658,762.0801720182725,71.09052280043929,87.86003203599908,3063.8398571451658,54.06343462410092,0,0,BENIGN
80,78415.58609026014,8,7,521.013947166486,622.2732099870968,79.22009438868537,130.86718221608967,3456.0422017188566,95.04344984590301,0,0,BENIGN
72,78627.00374886987,7,9,440.57471211580315,653.6240478201704,64.40850174382516,118.42900137319023,3036.5108676755035,83.58912083513118,0,1,BENIGN
74,70566.57063391393,7,6,537.4175782511853,627.8481170530581,60.8098394519074,94.05276234452992,3250.7985049898925,93.34110106726501,0,1,BENIGN
90,59700.430362245796,5,5,478.78857316270995,872.0220031111241,62.767053526943535,86.10612809425547,3373.703906087649,69.8033229717956,1,1,BENIGN
86,65369.92895368572,17,8,549.7480915965892,694.5740245535876,47.988057617311455,82.6446264475282,2918.277627013546,66.44641364661679,0,0,BENIGN
83,76693.808050577,5,9,481.9164128828341,822.4605159253518,71.26332694582474,122.44656643314184,2400.791102886661,78.18450222475317,1,0,BENIGN
69,56399.933140483336,0,2,468.71542359767534,835.5239767812225,53.655414409736544,106.47054707202864,2933.8951144116722,80.14533207241242,0,0,BENIGN
82,61766.945317239355,11,8,485.1756420934315,785.3717029686112,48.473111474856466,89.25553952249324,3093.91457401232,76.76624257355735,0,0,BENIGN
77,76575.12037811961,2,7,482.030791662213,777.1482309999628,72.80147227278731,44.34931064694155,3351.372612896933,85.51266213862316,0,0,BENIGN
84,67108.38180271306,13,8,662.4749331254006,616.733396326455,27.381487195342963,114.2957919497163,3512.475141096897,80.60112164993087,0,0,BENIGN
83,68710.58154409812,7,6,429.0224861723859,643.4998454351385,33.96889158958936,135.35919896622053,2714.3009020420727,88.11937309089848,0,1,BENIGN
70,76445.22644150275,7,11,400.7034104638546,708.0963308969167,69.8446362776773,124.65798384752475,2745.862966204144,81.46989491091288,0,0,BENIGN
82,77730.3244584488,7,11,633.778941210131,693.5708358718701,14.22993997652425,64.44867248388024,2532.506845196925,98.96929883471087,0,0,BENIGN
78,81295.14298331637,6,5,656.1514317913768,705.6614109006249,52.9168580242784,107.00334317656558,3010.316000550827,72.7045812700034,1,2,BENIGN
84,69279.68658976766,11,6,535.4648883093919,809.5708080015871,78.67688720531365,135.79509366412543,3271.221693640143,51.370980240239966,0,2,BENIGN
78,72706.16055507677,5,9,470.7527490887079,854.5594732926091,51.85531958203645,122.36266793435391,3405.3120589973423,67.71933760795943,1,0,BENIGN
75,75052.70075608096,6,5,473.8635461000102,593.9820658735133,83.39988819347795,112.17029396969698,2958.33345328902,78.15733485804982,0,2,BENIGN
84,66440.29160293791,10,6,484.87613803091693,897.8459657661252,54.12124204643754,90.41630169745189,1826.7847223656154,56.16040452729668,0,0,BENIGN
82,62194.78776238608,5,8,611.027820915194,762.8021169509461,86.45661683442502,134.09188342744812,3625.0935810456112,64.38651934889955,0,1,BENIGN
77,73164.07420728588,3,5,540.1948606644733,462.8688298220781,40.34574995430895,99.64563364179716,1966.6439207536666,80.97105693339556,0,0,BENIGN
78,71325.24167610815,6,7,454.31208315064686,758.9437920682028,96.37618226576163,103.93739558500583,3102.0914224638905,60.211864490259565,0,0,BENIGN
75,73902.6336094591,8,9,609.6586465657194,642.7937544065358,65.06753980311889,135.20830367150646,3580.8900893876635,92.12183385515557,1,0,BENIGN
83,79866.18297893742,12,5,480.87276022001174,740.5678084147826,56.72005313980368,92.16367520383903,3411.084798237354,73.99203029126076,0,1,BENIGN
77,64878.551596905934,3,9,330.73943997939887,519.8706378994366,56.98307874877713,124.57911171301394,3787.133249315275,60.365295206200805,0,0,BENIGN
85,59662.58481369822,7,9,483.09653383172696,855.8369964455285,45.09983553618296,107.38380939093747,3512.8225936800636,77.62490058250177,1,1,BENIGN
71,97714.17753096978,9,7,393.6902257813478,708.6673887933954,53.30114338318626,112.88707332060645,3223.373845018331,111.50116124617944,0,1,BENIGN
81,68960.42288878119,7,9,559.2820622857358,633.2791899702993,40.231277940540195,98.65179950106291,3698.0254289863105,79.53200043344438,1,0,BENIGN
80,52383.35666937879,6,6,538.8312708613988,881.3301548991403,63.198871787274804,129.07835163217635,3397.6703269560553,96.76798706360509,0,2,BENIGN
74,73466.60543701342,5,5,388.9333260411199,645.2671216835216,69.52233793021931,98.62459073842723,2189.9932703065483,105.00257756375328,0,2,BENIGN
83,65345.26076346254,2,5,593.1118445447655,588.3241161877665,78.82087368648122,87.75186053742352,3236.2586561572443,48.99336250537171,1,0,BENIGN
84,71329.22140733105,10,6,556.4950973070536,539.9852954722514,40.88578615108987,114.50948008963071,2976.4538680180926,76.11117908925638,0,1,BENIGN
77,73572.66348481354,5,6,574.8563270506601,813.5527573516645,40.55691279489275,116.77269494456755,2375.451424457023,92.46139493922433,0,0,BENIGN
77,68834.4318298434,12,8,619.7355610515009,827.9004371917703,56.84272896730311,94.67346231362559,3642.451944942959,80.68631432738827,0,0,BENIGN
79,50460.23415673638,6,5,552.635650412991,649.2607302199399,55.91896901317838,126.94210929340996,2369.5102851536617,85.38320121766313,0,1,BENIGN
82,76019.95667355019,5,7,524.1797191755804,697.9614467856504,65.50032557455607,109.2706864346333,3239.1261353539926,63.06781488549721,0,3,BENIGN
89,60256.75117374571,9,8,557.1016298721968,714.8819162634192,43.96256121582751,96.35159187273806,2704.8337921877182,82.28434297267583,0,0,BENIGN
85,78615.13795788302,4,6,439.89920351308723,829.7145544677716,61.31264194903002,128.97978808316472,2712.9739063513107,80.4419999011562,0,2,BENIGN
78,59602.4196842705,6,2,497.5818948748919,711.9237006959048,68.26156334010301,129.96216367154068,2819.1133314728418,93.72675058908959,0,0,BENIGN
69,76633.45567258708,6,7,403.44498099470354,729.9975265839662,64.66061634624691,100.58835237941531,2918.98932929327,97.83671094279364,0,1,BENIGN
96,65797.82246202842,6,4,533.1349509185271,627.1263363356215,8.532765166679056,75.73323748342591,3043.4233913926864,97.1663846941085,0,0,BENIGN
79,64899.50903653767,9,7,524.4162095007712,623.1272178709912,93.23072656042197,99.99249982483288,3777.4233220186484,72.53703971767328,0,0,BENIGN
75,65068.84332900427,7,6,616.9797327337848,578.2373516584837,40.693233350903704,134.00376293291052,3365.8789790037736,48.016015258176985,0,1,BENIGN
69,67412.69346021263,7,8,572.5416706576243,710.1491577376743,83.16901606528475,97.07453450777292,2484.6444083313972,64.11890866648487,0,0,BENIGN
83,62252.88195518941,6,8,592.5635084609024,494.2878177773213,46.37643576093086,100.98123384746205,2641.752112912815,94.64759272280047,0,1,BENIGN
82,70343.61186038856,11,4,584.2548736072154,625.4904372915221,77.01101036157466,93.51591561029578,3489.420220618504,93.26798880589237,0,0,BENIGN
79,68334.63526653672,5,10,515.8913474197396,864.8316953993074,51.11702692976059,78.76406477378303,3079.4809151307904,70.42497773000323,2,1,BENIGN
85,68430.12535936339,7,6,527.0345118797773,790.0562055800511,60.05691969776633,86.38296851965364,2358.2061775315806,78.69645083400256,0,1,BENIGN
79,65798.42826655148,8,8,497.20185810470593,711.9110598119752,59.48991348699097,118.30998536125145,2736.6416393294603,83.15410555643145,0,1,BENIGN
87,74728.85211823869,9,4,546.0866997670917,943.1340669098608,45.89978028864653,79.60960301188567,2870.9930408221603,97.36121814368133,0,0,BENIGN
79,77260.30991139913,10,11,576.4321877036524,737.4781248962787,74.79452551654897,93.02031618168895,2412.358426078687,82.92327124684904,0,0,BENIGN
77,67414.83943129539,8,6,533.8273499861875,710.399898099531,83.70655018313614,65.77664680751015,3995.9319074637983,104.10045822098913,0,1,BENIGN
83,64838.23531605271,8,8,523.5460736541692,811.4400013919676,64.39992220138322,101.6150197724604,2538.549948639239,73.80285315498716,0,2,BENIGN
81,63003.015063991385,9,6,267.9139070876008,750.8643513423046,31.44602433646329,111.56928840512484,2422.2805769826637,55.20848417331638,0,0,BENIGN
77,71430.84614184307,9,8,497.24262206991864,611.766093144999,100.9763085194185,87.88037358922804,4083.956977873385,72.30707545417157,1,2,BENIGN
74,72487.34683355062,10,8,484.8807537784239,732.0077648130514,54.60620638008885,76.56373241557756,3591.3913544010848,70.48541582738453,1,1,BENIGN
75,68871.4505648918,7,5,538.1086488318931,649.2669081707145,95.13383027261594,117.21782482036859,2471.0063722105106,79.67699113369562,0,0,BENIGN
84,76649.61151529451,10,6,581.2429338430378,677.7661888452093,81.20295559182149,136.25055630235082,3084.2060386641565,55.874470788543725,0,1,BENIGN
86,62062.32196020956,7,7,533.059872643976,796.5049019183269,43.531206870924066,91.53043405548928,3605.7878530379476,86.66969348911323,0,2,BENIGN
80,73696.55195792492,7,4,401.56040071863737,707.877978690359,58.50878564007567,86.90793662950044,3191.1265921479203,64.86538361415977,0,0,BENIGN
75,53910.2606303545,12,7,297.5264286160774,654.7985665308466,70.37575462498637,95.43718618599088,3348.778397674541,63.45445105076292,0,0,BENIGN
79,68452.57665857986,8,8,459.7108951847961,656.8325574547354,65.71129983485024,97.59700048742502,3231.7469776989396,92.21094250782383,1,0,BENIGN
68,69512.55859927463,9,6,488.354051705701,442.15409765940603,72.65968673230759,93.51935341959987,2091.8429586459683,65.18582488488572,0,1,BENIGN
82,80604.76742775824,9,4,392.90009498811344,819.8568875800879,93.83372402192288,95.24503803709273,3335.840595899252,54.41684817574829,0,0,BENIGN
78,66349.84392575832,7,6,551.6268870161744,851.3199768406985,63.22394925520871,140.59994974880922,2618.7227691091916,71.07324230303803,0,0,BENIGN
85,65511.60418579958,11,7,694.9744113344752,650.8038200012902,58.446121845850755,102.91303634572975,1689.2021917837483,90.23850716815514,0,1,BENIGN
72,59172.52615917943,9,9,621.1793120184889,605.0831984613085,41.884039444824325,94.56122400630899,1812.5861847338242,69.98817000725634,0,2,BENIGN
81,81485.51609353544,9,7,486.97046975170747,719.8153268518315,57.40294105512222,97.18178495219684,2602.2030072012567,84.40354233046406,0,0,BENIGN
78,64009.44458184612,1,7,618.460307343701,951.1914000408798,93.74839058985927,82.58396894783878,3706.3222406175405,99.03828306045436,0,1,BENIGN
83,71139.82056039784,8,7,624.0271244977821,657.4103836138199,58.50121213557441,100.14777967412368,3165.6741091651934,50.02475338314906,1,1,BENIGN
82,71381.40925822628,7,6,507.3046748178036,716.1175481389434,85.60523510836302,106.92115492569349,2919.7733097109976,113.7716068860208,0,0,BENIGN
81,68513.17462828016,2,6,445.9901614282605,819.8996316450459,50.0749645913951,121.01229297734545,3276.3288018263206,76.49237449523704,0,1,BENIGN
68,72289.80592139314,6,10,447.4635592860757,821.1117755205535,12.201507511884444,116.29250029968577,3165.9377551078883,75.8007196549425,0,0,BENIGN
82,69060.12579902314,2,6,669.8388520595673,704.9656977149799,68.31575892937411,91.23890985024752,3104.606734163199,83.02507448534737,0,1,BENIGN
75,69088.50334738007,9,6,406.9851465562814,759.1760071681696,42.85678083942662,91.05383676493246,2502.2832988978475,78.11761696130132,0,0,BENIGN
83,82340.02491881794,6,8,472.98857472259726,710.4878780794446,85.05502689900459,101.00586478054097,2509.8560419259475,67.59124759111013,0,0,BENIGN
84,60487.06331544539,4,5,367.04518794857916,840.547804449779,61.77242712471811,138.01558639447651,2143.975461216218,102.00109932540596,0,0,BENIGN
75,63350.0031197269,4,7,400.1207215279615,674.3690022757755,62.315969115132006,113.33221370812221,3060.335425162128,85.46253916886398,0,0,BENIGN
81,63140.9789396937,5,10,499.10819970738163,624.6869284853028,90.09759802141893,96.86314778970463,2611.4588929028196,55.367143675125234,0,0,BENIGN
77,74509.34401558849,8,6,483.7369286013238,821.4682995382382,107.10548295603358,89.02478341695229,3341.911358392132,112.78960519102,1,0,BENIGN
77,65813.62223395583,5,5,519.9025363994658,637.7749254535908,80.02399725300717,102.46510927145586,2761.327464603459,95.06352864351885,0,1,BENIGN
85,74013.4314051238,7,8,523.5081529675542,1009.2347288645494,84.4737700209424,123.06425242749444,3775.8870163487218,81.35727339135687,1,1,BENIGN
75,66051.53080467049,9,3,515.8348220305231,622.7948909425785,76.86432765123706,85.07652578685305,4125.254260627471,93.05290819284467,0,2,BENIGN
78,64906.93975585167,4,8,614.343661866515,638.6867409116455,42.54758316323895,77.20599823934432,3899.3395921274887,108.40239676908571,0,1,BENIGN
79,69575.52725374303,10,7,525.0412374738722,668.9866328518498,78.81200719421756,94.35988195178079,3030.0034153287816,83.73111739418242,0,0,BENIGN
78,70708.52280857474,4,4,623.3831198502745,822.5830222777265,80.28078713404204,136.49637573179973,3252.1767377672854,78.45166150623794,0,0,BENIGN
74,75311.21807821316,8,4,550.0488022385445,805.8835747932877,75.8575912272867,99.39406441122377,2497.534262488517,81.82911394886476,0,0,BENIGN
83,72201.33796820106,8,2,582.163067469603,882.7855223149,54.45064750860767,70.46202037629038,3383.996520971305,72.08378454862483,0,2,BENIGN
73,75022.71778288143,4,9,539.2579874192202,672.716130370276,65.48739916229775,111.64174774966685,3498.766520836098,94.07245428096793,0,0,BENIGN
83,60819.41800155154,11,8,605.9501592300327,637.5893616401369,66.22423396939207,117.16572001764416,3191.0325853404556,72.7466561713463,0,1,BENIGN
84,65600.1336681637,9,7,557.5569374465767,692.2734220075412,65.04629271144177,98.58100650198283,3020.473583394865,80.14210576687721,0,3,BENIGN
75,61784.95724576901,5,5,500.86917940781166,851.6788765713195,96.2676756599001,104.74648727926387,1498.5741587299428,86.5341090022692,0,0,BENIGN
74,72979.78367985688,6,8,536.2749821257833,674.5526259242042,64.11120741204176,118.3483953280448,2776.3487185584504,95.56552105338497,0,1,BENIGN
83,79322.05919757608,9,7,554.7721310419248,536.1825504335019,95.2792320630792,73.49017468610029,3543.129369363992,70.4092131807285,0,0,BENIGN
81,64393.68993599307,1,7,454.36167026455456,631.2446086342328,47.99353726435902,139.68822497770242,2650.102344686074,85.55582064502394,0,2,BENIGN
77,51792.90669439922,16,4,599.478857405394,777.7056914174993,75.54359271630057,95.37030339258341,3113.7084498468844,100.80691215158726,0,1,BENIGN
84,70583.8052494886,6,9,525.9683335143394,686.731697553775,46.98210352056267,79.88805556088053,3537.1642473340057,96.13755746596748,0,0,BENIGN
84,86972.57064147087,14,8,604.3732665895844,644.0935375614979,77.9906904705796,75.25670598137242,2662.312315892416,85.45650841556902,2,1,BENIGN
81,68809.24497763638,4,8,473.4688790596744,725.3387387968272,44.713381720509695,102.42509907407157,2076.2456509693234,88.56640572622494,1,1,BENIGN
90,72272.19916501944,9,8,433.14053507747093,928.2427477418729,82.27156168817197,95.14347157051634,2457.398122755227,89.88565781510475,0,1,BENIGN
80,68682.9940491498,7,9,606.4469593211564,540.981250349552,65.27757749072342,75.91797300660595,2197.2470335291364,89.96119737083161,0,0,BENIGN
83,78976.27495245534,14,6,609.8538434089802,422.17276660435215,41.632007861926276,110.37938742816692,3283.392095120458,102.44710451644094,0,0,BENIGN
87,74806.06496356166,13,5,522.8192794003343,654.4628585665655,78.6182661467718,95.60895665811668,2848.6368294527,57.449675987794606,0,2,BENIGN
85,48884.7600715497,3,11,485.7403974675468,684.2122297106856,85.80670882278415,103.9329058993381,2619.813324423869,76.43260187504238,1,0,BENIGN
86,67812.94280154475,7,10,451.14160678610796,788.5161867282817,55.23893098410616,71.35865947702185,2900.2220583135067,99.87174836357381,0,1,BENIGN
80,70327.86633734009,6,7,345.5000976480153,652.4779045037549,26.421127493681958,105.39397693619541,3213.150952323948,66.46689075857941,0,1,BENIGN
81,67469.81157239349,9,9,449.8063175022283,613.4144908588198,86.2802151411678,53.63143044625188,1427.008653272851,49.149639511356526,0,1,BENIGN
82,70531.91701024948,12,10,588.0848085535847,577.4851712223212,69.77155771980888,82.67594638598116,2699.0730702782903,62.602842574723596,0,1,BENIGN
80,61645.22579876914,3,5,440.89948483942806,783.132955713351,56.114382825033616,96.22667322189763,2905.6820247433225,98.64641851355441,1,1,BENIGN
78,79818.91318552577,9,6,576.803602058613,721.9663742772191,33.81938542095831,112.53812611940592,3180.1949462669495,48.43709582219087,0,1,BENIGN
83,74260.668930944,3,6,550.6608338461727,537.2102658680595,64.20565964358292,104.26658538795309,3555.177337407443,38.28383718436846,0,3,BENIGN
76,67786.00846724682,10,5,587.9285712294499,757.2965150919289,31.018531497325327,102.01186835359451,2123.1518426488265,96.19331291333542,0,0,BENIGN
74,64377.6882642595,11,6,522.1163452201497,813.939373345781,48.543801997465394,88.43348565960429,2490.681024752323,93.34337900558535,1,1,BENIGN
76,66356.952449016,4,8,419.21741405970135,673.0088950606462,39.12077310401534,62.01073800757099,1473.48680261329,64.87065432454237,0,0,BENIGN
78,62499.26945741271,5,4,516.053758248163,917.0514127372171,59.772549804870025,72.61439189573352,3764.8466221079907,63.02437094858352,0,0,BENIGN
80,94032.07668600071,5,5,528.5178942837957,697.6736430338851,54.37858197609023,86.23184913662814,3354.8868135863836,98.31540164964849,0,0,BENIGN
89,60022.48163799108,10,7,416.17431428174774,780.50632085748,40.43567307453827,78.20897803073916,2164.8803066792198,94.18281448927988,0,2,BENIGN
75,74303.25276546362,12,6,414.4655912849849,663.6874801148879,87.63474941762665,114.78187672485247,2768.0211557892244,50.345669632583835,0,2,BENIGN
88,73029.96418764141,7,5,456.48226188439185,525.1264677744448,105.19103117825328,99.4607122143394,4433.027488219194,78.73354393865581,0,2,BENIGN
75,66934.20461468057,12,9,346.0083123966267,700.1118056138337,40.70929989797047,110.78276444141122,4089.1184320486054,71.20267301814643,1,0,BENIGN
90,64219.59710959534,6,7,393.55482205318253,864.2585384403939,41.09966191741779,112.27903128159645,2225.2328462755727,81.86631008390997,0,0,BENIGN
82,62181.057367089015,12,7,287.8502531179407,912.589527044126,71.55427244472726,131.07130443124214,2893.6611291075515,41.53553945212474,0,0,BENIGN
79,66620.4292365788,8,3,504.08746273645806,651.284325683729,75.17017741557187,66.1539490229923,2744.5323435708924,108.19278877673474,0,1,BENIGN
86,69929.36153173595,10,9,619.3014187533267,661.009786655216,60.2540183322532,116.08245702040946,2551.8679261481893,80.81686201332988,0,0,BENIGN
81,81918.7127584025,6,7,465.56402369527706,621.457885683726,65.22208927770947,121.45862195993587,4331.721844844599,94.0501014701634,0,0,BENIGN
86,72217.32165576225,6,4,438.61310013117514,830.7430403857219,62.05281255954303,71.99060045751199,3524.4199728287667,85.2717441342389,0,1,BENIGN
75,76748.29608669115,3,5,395.3568888835538,655.8447396533664,47.35097933193682,92.74708162465151,3002.8654668975637,89.42229317844894,0,1,BENIGN
88,68134.29958309645,3,8,639.5260854610345,719.8526015788036,79.29068445572429,86.88766625707308,3111.59088760909,90.82943041951259,0,0,BENIGN
88,71209.88540480971,10,7,566.3992409226923,798.9248494381156,58.17689701200938,116.6735762572505,4298.4338918424255,113.98286423625083,0,2,BENIGN
73,80308.24654340671,8,3,512.5560045762234,803.4874075966144,48.5794465740769,138.7426316124862,3810.885834635889,58.32306430060723,1,1,BENIGN
77,67783.2618702592,6,4,465.92744388908375,773.4250246332585,91.01884054995102,129.16676673504986,2655.410201716466,78.0067894887975,0,2,BENIGN
71,60455.700824126994,6,7,475.59275351594965,703.5047740073228,63.45069244330201,104.66559454112084,2378.287748298831,74.23088390011839,0,1,BENIGN
85,64775.68384783156,10,9,489.16313782094693,728.1885953030347,67.00378868599302,110.71341178739638,3233.1405900550913,104.98129103270873,0,1,BENIGN
81,62706.56625556896,9,6,451.73335614481306,605.1967117562574,61.09205838850645,87.85071796134476,4225.843031689681,107.14512226636808,0,1,BENIGN
85,68789.95155735979,13,8,492.2701073541527,509.27429226755305,43.180895835350185,106.3738508556093,2736.60336663848,79.6471945528268,0,1,BENIGN
77,59129.50617072297,6,5,382.07401942142184,850.8567817505314,60.978980676899404,93.46267842568909,3450.9752617069908,78.59588093765151,0,0,BENIGN
74,73817.1383644849,12,7,516.4490040905442,612.714946155504,61.901282463295004,85.82126572718849,2903.6968924103967,92.27876210179018,0,1,BENIGN
75,65473.27791011492,11,7,570.9558517438753,513.0398801303633,54.29566361456668,90.92665750554,2645.7527675780843,87.48398657446381,0,0,BENIGN
75,61235.0460157163,11,5,492.2950606287456,664.7856679824955,43.226868301979245,107.4652194730089,3230.1991487240807,96.00253493734216,0,0,BENIGN
77,80418.47910897831,11,6,549.3219940575239,637.9005627783969,103.58949523970617,88.16867499466548,2771.806937774402,73.69246419578828,1,1,BENIGN
85,69229.21119481105,4,8,452.38930247891625,560.236613791118,54.17848911679634,112.63314201981748,4060.3353203463475,56.41287511358611,0,1,BENIGN
81,66055.12615307502,9,8,645.3172247368193,686.1837551781074,88.09600343261285,90.96488116809823,2693.689086891138,87.20414831330658,0,0,BENIGN
84,56256.51144929185,8,6,471.65046538405574,558.7756388872585,21.781951299860197,86.78183047879854,2299.7039807799483,72.76787657831566,0,0,BENIGN
74,72030.57959185289,5,5,477.26435141457546,730.2620922331532,104.67496859997253,132.27123102184572,2240.708054419065,57.48776330793459,0,1,BENIGN
79,85208.50190658424,11,10,468.24183304857513,604.9307638398915,41.0942341680784,97.72436871372501,2243.731699712927,69.22553508715633,0,1,BENIGN
77,60149.14416240685,6,7,542.6297724394143,602.3041402215379,75.44750231702812,127.73651187882088,3294.199487503214,84.05952957789016,0,0,BENIGN
69,74256.23404921003,6,7,538.0968885271038,616.6413063062915,82.8399137134514,102.26221163748058,3899.694143844425,82.87194035355662,0,0,BENIGN
87,55273.44703460541,6,6,383.68802413199853,615.7615189135558,19.057545790699713,103.80774474549273,2155.458246010162,86.28762805324612,0,0,BENIGN
72,65219.38224099337,8,6,550.6345287457434,616.4369915366162,94.61987043130956,95.24093167270944,2492.0375471323905,102.27270693365483,1,0,BENIGN
77,76371.43254718838,5,8,394.57428048298004,691.1603130722423,62.73511014386435,124.16198922281097,1900.639000116312,83.9854242734539,0,1,BENIGN
75,60885.43429173527,6,6,612.1139443514706,711.8064542143337,62.414474906584715,113.96692585228784,2031.275360814418,92.28362960156747,0,1,BENIGN
78,61352.01477849161,5,7,540.7941282380349,835.3142762044943,92.92868090028998,117.4249656177856,3020.3912078332332,84.50363926407343,0,2,BENIGN
82,71511.2335661966,4,9,383.9566362125978,830.5689118623375,82.1925900795347,68.25862359827553,2970.872934038235,58.896297581211996,0,1,BENIGN
79,60451.55995963233,8,7,497.93015439740236,589.2152686719621,55.50436675937408,105.37054336836749,2906.8150573977,115.91457602820772,0,0,BENIGN
82,62260.86809505267,9,10,432.833379788426,731.6765120212542,77.84226192889643,66.13302583855791,3984.972247362038,62.235030785840365,0,1,BENIGN
78,75621.35960648235,8,8,505.69798020145583,856.0321711441934,22.190039820136143,107.28188493227476,2819.330308191754,63.696445511327845,0,0,BENIGN
82,63726.19081583837,7,7,412.159834516454,817.908957174184,110.93178607875261,86.51965385587039,3552.587757835348,74.73544883286483,0,0,BENIGN
91,67729.35295886654,10,8,417.61902959676684,471.01144221677407,74.08174431500072,116.89036879153764,2677.44004365743,69.23263065185986,0,1,BENIGN
84,71830.07565081707,5,4,348.5216225243471,693.8857336621402,100.88337517587064,109.5578911207667,2952.076113632585,54.14731431724064,0,1,BENIGN
78,76359.28617087491,7,8,491.3194122300154,679.884680356966,87.6826705919952,84.96045131578117,2829.8852263792055,58.02346415538338,0,2,BENIGN
83,75138.81668124227,11,8,557.6277168433392,742.7947521702273,42.99222909257715,110.52190199334457,3568.4777112692864,64.83753586128195,0,2,BENIGN
78,60750.932877835265,8,10,430.61614813493577,688.8286525370082,47.479381056433056,92.82065411885905,3141.0975399115955,105.10583134664513,0,0,BENIGN
75,62342.37309113976,3,5,491.95819151977753,704.3317309720109,85.94898375041487,83.5679903085441,2531.2571874806627,67.13376691111142,0,0,BENIGN
83,64475.22521148071,10,8,480.0524546428111,634.0110299174434,66.1233817895764,84.16932469040833,4197.315046142153,82.39508415288992,0,0,BENIGN
71,74811.55070249077,9,5,456.9250506149984,627.9259571176959,67.05653829721227,118.47704256010996,2071.5390138255934,88.13866722983809,0,0,BENIGN
79,60468.46026492136,16,11,557.1725092858303,769.5376092303646,41.62779614828072,147.54697751767367,3011.0086761877146,77.90227633001757,1,1,BENIGN
76,68467.33106508694,6,7,542.1387729544577,756.4724438073405,88.52403783572498,99.91793871569465,3575.7991794779023,109.0132513051964,0,1,BENIGN
74,59448.963789452246,12,9,539.776343737373,649.4452718496985,92.57122448220592,72.65664549922322,3040.503144811155,88.24801841226329,1,0,BENIGN
64,70807.70756331715,8,7,433.3292385403175,695.3189552169417,31.69841857317043,108.41186783370226,3536.445625894101,67.55545796171182,0,0,BENIGN
79,69435.67043272198,11,7,658.3933364245084,740.3588060508482,40.7553265866548,122.67226916556918,2945.7030350655855,71.690895425361,0,1,BENIGN
72,64052.51904631991,11,7,548.5629324806839,808.1361803186273,98.35226143265014,87.21806999606414,2577.2595698258815,64.28333689267838,0,0,BENIGN
79,69242.26238478364,9,4,450.3093362281919,738.1028729590365,76.47295955168823,53.66765379163556,2638.1555559644903,75.68845337690237,0,1,BENIGN
86,56396.36101446724,3,8,586.2857813370467,565.0857824286936,42.747585745918755,113.18837613471362,2853.942737252174,71.13762067684159,1,1,BENIGN
70,71773.45065396528,3,8,574.6315179866561,746.4875717974382,81.05639705879165,139.28558914511416,3436.7346595873246,73.67668100574117,0,1,BENIGN
74,59927.34434309358,6,3,401.1639924976256,753.1225774457458,52.99489453270755,93.86731238594794,2984.424424706446,46.77873913266735,0,0,BENIGN
79,72400.26702047758,1,10,476.94531527694284,547.9733459991546,64.73059757079628,74.57664553821196,3039.90201260726,89.19023794554765,0,1,BENIGN
80,72443.9348731868,9,8,585.1474967677102,791.208171464531,72.23820706947566,84.71320747460805,3172.0849925839934,70.51682277510048,0,0,BENIGN
75,77947.12484189156,7,7,558.9156650130726,655.6788642768195,57.36810283179142,123.29342324597872,2168.409160457681,65.2617612866535,0,1,BENIGN
81,61896.22461909035,5,10,524.0364653856699,634.4452304241321,52.814449588541464,174.80497807409176,3805.5034181079127,52.179941813930554,0,1,BENIGN
77,1988.6903677275077,73,6,5846.083862180969,173.90583166465768,110.05762834316086,41.76090493452204,157680.85329328757,4090.083377458224,10,2,DDoS
80,1775.296985532183,81,1,7977.024273678097,236.42503780450903,85.04258101412275,66.84717168613318,164874.80616249307,4843.409395444992,10,0,DDoS
78,1952.5270097986272,78,0,6293.118110007744,195.24164893401456,94.61886079567972,111.29400244439876,102606.86217158171,5112.839231321465,10,1,DDoS
82,1830.3130455301978,80,4,7623.476655410916,223.90136388015176,62.638186908724734,101.29035998627603,258708.5881009471,4663.9869841376285,10,0,DDoS
75,2017.6297539000745,83,2,7548.821022882129,197.6914063502866,108.66992660153142,92.23425127210403,174612.19311352033,5508.904638926115,10,0,DDoS
77,1973.4018914142146,79,3,5549.572018476812,201.4339212173926,86.44648845343917,37.87788613189431,220972.38149684394,5736.014855641268,9,0,DDoS
78,2013.3642908383752,76,6,4806.001202883431,197.1649686903896,113.90239210093984,25.997335744214396,192421.03994224005,4922.70411598169,10,1,DDoS
77,1721.7117480262912,84,5,7445.1315768677905,210.87754331672014,107.63732468253394,77.9921754955158,208168.5233645434,6408.1029379030315,8,1,DDoS
81,1956.3558109822793,83,0,9394.987310379669,211.96841947571144,77.33733452646035,75.32851775980049,187836.2383615086,7587.8801629326135,11,0,DDoS
76,1882.7336664896195,79,1,6916.402472247328,181.6798594604472,94.47641015498525,56.32898879201494,172055.7034125945,4070.179183551657,12,0,DDoS
74,2086.9115358969007,79,3,8959.815174037054,239.14102356306944,115.03929698429761,46.79144700429485,244366.8403977473,3233.317353995969,9,0,DDoS
74,2118.9249706662636,79,5,6219.558961134972,226.23566864710446,109.95880296733641,69.1967501727968,143246.15914350748,4747.974107511806,8,0,DDoS
96,2195.143125328095,85,2,8836.133773513327,221.6199044405848,112.030316273344,66.73985648095606,190869.86942468042,2928.318125071884,10,0,DDoS
85,1944.8773401384312,85,2,6492.231910766624,229.08307380949847,90.63307480883536,41.57226052440957,204993.07067908018,5757.258645195605,10,0,DDoS
100,2165.0452963396942,84,0,8438.429273245449,223.99654303554567,92.71041816774682,49.147077113358776,215861.20286762703,4685.067946908413,9,1,DDoS
86,2060.828496571798,78,4,8996.179575166687,219.5492809855907,70.93271300686422,59.90631111954212,214365.69240508397,5622.8426348824005,10,0,DDoS
74,1857.8084015996787,76,6,8216.672178100767,217.14809249889217,120.66058131855243,60.08661797265255,153958.7312314099,4573.051006673875,9,1,DDoS
84,1781.4947944566693,81,4,6725.299741539064,196.6359784585115,62.991920524170474,73.27642794664507,187371.95589467874,3648.6478952317902,9,0,DDoS
77,2060.204889449212,81,1,7624.962925739969,266.48502076244216,102.42211163156658,49.7300916278288,202418.5584225655,3660.0725312516083,11,0,DDoS
85,2181.3380584835586,81,4,8230.079949575942,179.4715206343783,79.5297003040394,57.7031701997793,99779.16925889213,6827.820451591804,8,0,DDoS
73,1592.855688041248,79,2,7808.171319724215,217.01734335450118,87.63249029824642,74.24255598080616,220530.57102381764,4664.821030416823,9,0,DDoS
80,2031.976785816694,72,3,8452.231639151883,195.80012730660135,106.71816790218719,104.75418485027174,203414.66270133943,5665.9996122001485,9,0,DDoS
77,1795.0505310053381,79,1,7789.828790674554,155.44855360084583,66.95599417516839,53.153430886650064,157316.2479815433,4346.415923716583,9,0,DDoS
85,2275.1722209045947,82,2,9797.839099216506,152.53555566463436,59.53272121984292,72.0261181962393,199911.73997716812,4860.568825348605,10,0,DDoS
74,2248.0409709542796,83,1,10321.721516585243,166.80531390524763,88.57236784233515,72.51530801326538,152198.80920310973,4511.581525263943,9,0,DDoS
84,2119.154166153006,76,1,8216.26008860719,197.92513763610796,84.24500919361398,75.1617401121725,232796.22454649187,4368.2501987323185,10,0,DDoS
71,2100.4878925579796,77,1,7683.670919462364,179.00182475596472,106.54134076037474,37.5594777671017,185138.86350664333,8164.126935515429,10,0,DDoS
82,2110.426277557293,84,3,7215.096725714509,243.67385350283672,114.24122454851707,30.652345850948244,229904.7052701125,4766.870101950174,11,0,DDoS
83,2039.0279078273038,81,2,7502.295274367316,202.08671578291268,112.63597847568732,75.01852127719195,264608.665916734,5426.031817304424,10,2,DDoS
80,2107.6472284672977,78,3,9971.939479603809,209.66262890652885,129.02339799563032,45.368109065092405,143964.78096208273,5307.8330522239585,8,2,DDoS
86,1749.6089628360755,79,1,8499.642120630382,198.2067348581011,118.63774715784623,96.03330932105965,191146.94096980558,3825.6712229357736,10,0,DDoS
85,1969.4243449530359,82,3,7772.958094189632,186.07081337779394,114.2704889540224,117.26136415093562,233505.46937443482,4868.185914344904,10,0,DDoS
73,2062.279101754335,84,2,6647.789559382416,215.14339664409104,136.61893313969256,85.47018652142125,240749.7005927712,7304.680666830893,11,0,DDoS
78,2027.6612162522972,79,4,6939.366201102203,247.9069916206273,102.91680146287642,58.6645455371235,232609.0568635365,2923.0027124720687,9,0,DDoS
84,1901.6794427466143,84,2,8625.852426602853,178.04597421432698,123.11061179257769,61.57605747977658,220757.5158914195,4506.512093634002,8,0,DDoS
85,1795.4065118852868,75,2,8937.685981583234,167.26897120445977,89.1223323726034,70.35270145463384,186772.6355846534,5287.495410362241,11,0,DDoS
79,2153.989296610554,79,1,6781.6298607122835,165.42681714583372,138.25201356981552,65.76140260402539,223076.9656219651,5718.523500821353,9,0,DDoS
77,1580.3507000799664,79,0,7594.095448613317,210.639594698093,145.65079279095426,56.75108970237678,193441.32274358388,5371.993783421625,10,0,DDoS
74,1807.7182704669483,79,0,7210.020196698849,161.20509940425583,122.48965721384948,36.7098705565143,276082.5909492448,4419.036578907227,8,0,DDoS
83,2206.346188063574,77,3,7820.340785469874,192.48434139591717,103.02394350633861,81.96805628591605,123332.86260911613,2770.4313664102397,10,0,DDoS
83,1656.7846508392304,77,6,6426.365094733674,211.2664531282672,84.1025511087413,58.56094133028206,144888.30498222468,6187.2347243620525,8,0,DDoS
75,2236.4672927293223,80,4,7978.78952333147,207.3172686103417,109.88071741870513,97.59221958401955,209874.54719618076,3529.755424913431,11,0,DDoS
74,1964.566485608127,77,7,7586.106971511066,137.93554377245056,106.06468865817465,50.069169772458565,251552.0650438819,5135.060387633111,8,0,DDoS
74,1847.671033802887,78,0,8235.711735792072,172.8472125295365,82.12781581839792,81.70471377007334,275879.1866743338,4370.291770050695,11,0,DDoS
82,1883.0037777517014,79,1,7285.738278798198,190.24083287594928,93.06118936411404,74.8955369934341,293057.9624357484,4365.312819235908,9,0,DDoS
67,2279.623647911296,76,1,8025.534280621122,228.23844296080702,106.3055216367968,103.99083077192694,192699.91257134956,3169.9053941465763,10,0,DDoS
75,1933.1395077656628,78,6,7264.08537924245,156.80329747296665,105.58867513089744,30.222041297849927,217081.12531967656,5407.394736861212,9,0,DDoS
76,2324.589520649715,81,0,6501.7856096347805,197.59606626151484,99.73320497298259,51.30020167480019,211649.65163403578,4802.471720927148,11,0,DDoS
79,2027.2619146272705,77,4,8460.228560615538,187.07318138486497,102.35593099510663,55.93296048991643,299489.87019784126,4548.187584594998,10,0,DDoS
76,2001.1372172234153,79,3,8307.826378284253,223.79637755765899,115.66040174680477,58.525405730390425,179003.80842352498,4409.601507901007,9,0,DDoS
83,1983.9976961435787,79,0,6197.250852141151,122.02137685953005,97.940779374778,80.05124725147279,223772.96059079623,4921.814555276851,8,0,DDoS
80,2141.856260188353,82,2,7958.3428754325405,221.58200632554716,109.14377041636402,63.25263564432288,113253.0914253702,4334.154653749746,10,0,DDoS
84,1930.6063650372216,80,4,8826.076814864009,212.14216879392737,121.77716931882813,93.37290170329297,255615.23075037048,3346.668720608779,9,0,DDoS
78,1670.839508887021,83,0,8119.49861765076,125.46899236237157,89.85852395497798,61.505678142245976,162564.3075580063,5736.1458719229295,12,0,DDoS
75,2352.1154504556957,81,2,6463.252182495529,222.71215041583002,104.263173558917,97.71693534014989,165161.04451187368,4826.265052160794,9,0,DDoS
85,2169.3162383448253,78,2,7722.793577258384,227.5627918545417,96.4750786694989,44.30742965399234,186187.32447249113,4952.175084170318,10,1,DDoS
86,2073.185832314845,78,4,7770.69959784899,180.61714093853192,105.78505071400524,74.67261640364424,234542.1475583298,4094.2132380229314,8,0,DDoS
75,2199.02068910947,76,1,5816.278799421509,263.13614809951486,90.58386465786202,64.74727725256199,178393.61932596596,4745.23427780792,10,0,DDoS
79,2235.7091946733967,75,5,9893.845103946733,156.39231286767796,105.0589185184442,40.55799812806418,114803.10193862182,4132.007369797794,10,0,DDoS
78,1822.199881638037,78,1,7220.304603366178,124.72414280612436,94.85750061551363,63.92710074489974,286500.65894729807,5658.208798141817,9,0,DDoS
81,1854.8201009320567,73,1,7701.979854123286,202.90072540097168,85.20785848094827,47.75163242684014,188491.56391118132,5030.090115910704,10,0,DDoS
82,1794.3793679449286,82,2,6334.009534593597,191.42334273534175,101.65644960622909,44.91877073195295,228081.24300983918,4643.507933432875,10,0,DDoS
81,2141.5946278868155,78,2,7287.8469802313375,209.65972348942495,100.20068740533642,76.24275884562199,196787.6960129094,3706.483965007186,8,0,DDoS
82,2450.7753577359676,82,1,5542.914117810806,215.32930983883452,99.96094175077211,42.03337685280437,235028.43289602836,4989.213582514238,9,0,DDoS
84,2010.2323046852302,79,1,7539.044374740741,237.87735808484655,110.14453208060637,106.46337255677173,241936.59472514328,5333.095285647249,10,0,DDoS
72,1876.0142614626802,80,1,7363.30257067296,160.96458252373512,133.55088128083798,40.04343209944611,157883.98276714268,4100.1155234359985,10,1,DDoS
77,2113.589468636893,77,2,11127.043301090675,229.01340064871852,98.98266654728178,39.97842099022364,187679.5827349474,3669.7559420504567,7,0,DDoS
82,2038.9796134795479,82,0,9671.94826823526,166.24869800111742,107.48579450559167,75.69534576471794,242975.53085894915,6998.106888385119,10,0,DDoS
74,2051.858607945592,77,0,7756.388274239849,220.80554965536714,93.80033650244765,45.60002644318754,205665.79977468675,3754.65195621134,8,1,DDoS
81,2398.024210884615,75,5,7787.59607757221,283.0689712803502,95.69151697722381,57.77757123852685,216953.26224614086,5189.149956062482,9,0,DDoS
83,2178.0239920971685,81,1,7158.9660170772,218.38277659116312,81.2188526660497,100.62755685028756,201299.82122356154,4205.027858402689,11,0,DDoS
85,2042.569222730021,85,2,5376.802745334194,152.99765240955773,67.32232737200889,78.46455274408046,272367.60854950594,4804.7670529636325,8,0,DDoS
82,1923.3859114763022,81,3,6618.588576963418,221.2541501361968,89.90463251761891,47.672889056272155,190546.82803576937,6569.573007411792,11,1,DDoS
77,1793.5390158007572,81,2,8166.978064688858,164.95747319951224,82.27561749698268,45.148821189392685,230908.92229685796,6063.381633003498,9,0,DDoS
83,1851.2736941695912,80,4,6781.390117630803,238.6347337015529,95.87659496195914,67.85401855935271,190225.7912519962,3516.746681389227,10,0,DDoS
77,1955.7916245321437,81,2,7363.178454098645,202.4933423642691,115.08321945484052,67.38517231576894,168151.94802524944,5831.709412891241,9,0,DDoS
79,1810.1960465839559,76,1,7718.796660045194,130.1667562656807,107.66017159734153,88.65883918962274,190313.27721545604,3889.382491118319,8,0,DDoS
82,2011.5747157676153,82,1,7696.692395430323,208.54828379550327,95.47936873196234,76.41067146603298,219824.0314022423,4727.907052547231,9,0,DDoS
85,1757.9622382493685,80,1,10770.845452111305,180.32922434623342,112.67421618020082,47.29667149501565,327679.24176706286,3662.4369072148493,10,0,DDoS
84,1747.5817447494865,78,0,7522.355386941032,200.01948920743473,134.82449113947948,20.60601027655902,221797.0169534306,5041.972881999228,9,0,DDoS
81,1992.4584200510858,79,1,7518.366699774233,215.0034563721088,81.55112742661701,56.28717296250239,202937.20469288764,5326.294521506305,10,0,DDoS
69,2153.058500782084,83,5,8407.691185721864,226.1451832309986,94.05650431863018,44.38043724077072,192986.59351887886,4750.057716037727,10,0,DDoS
77,1913.7685350666222,79,3,9686.840225406666,184.45311296964837,125.4448925151128,38.629604123579114,172270.28285404135,6649.523046532397,10,0,DDoS
82,1952.868983706957,80,3,8237.497646328622,210.44192022317355,88.04685482747126,73.42539886590751,170798.14526365642,5560.582080555783,9,0,DDoS
81,1847.5391839696545,78,2,8510.186052406554,228.31866999158473,98.51517897026088,52.69021761916487,208728.04909840933,4958.027641590447,10,1,DDoS
89,1666.2586270028078,78,2,8905.143173179758,220.1387215238276,100.71868360006823,81.49894759744399,177251.62581379976,4615.082132126586,10,0,DDoS
87,1837.5990376910495,76,3,5693.181979752486,186.13420474515726,96.29387578032686,91.73801175137461,320380.25697345147,5151.798739355949,8,0,DDoS
83,1812.7255368798185,80,6,8566.031171852355,175.38134821919388,88.62775994046861,33.795810438874376,182123.3822755279,4409.185172925613,11,0,DDoS
72,2035.0310197918525,81,1,8210.344007532476,220.03686005520564,114.3376285877766,73.63227883543914,220838.7716886681,3446.9882872209128,10,0,DDoS
75,1918.10125890327,79,1,7784.136348358704,187.48379889173876,70.79692051074322,109.08232308448116,214460.62217336128,7183.912917939771,9,1,DDoS
79,2309.4220908998045,82,4,7767.962031687232,206.26193143842684,126.226121686197,26.665132750458653,172072.71851008513,3742.170608767753,9,0,DDoS
84,1957.916259382955,83,1,7274.045531743583,203.59033144540948,107.85446326211783,63.915896076543675,157145.56000582184,5559.271433020224,11,0,DDoS
80,1776.7909956620276,79,1,8200.625474875369,247.77992435566603,110.35672313748717,52.16035960516664,231953.21117766964,3276.748953885523,11,0,DDoS
74,1934.022856955121,77,6,8673.958201902997,168.65668274739113,86.45798659345672,69.631215384779,176875.85596048864,5223.913975231594,10,0,DDoS
82,2333.0307165120294,80,4,7372.18703465623,183.9447161366109,105.83227007993898,48.922721309057685,135336.9673306069,5812.966006754803,9,0,DDoS
80,2079.22637011443,81,4,7636.280258026296,224.79909072292574,92.59261235875756,73.49710687838049,174760.83832838014,5069.676918874632,9,1,DDoS
81,1851.0486741538218,74,1,9542.76383029397,179.7081481795446,119.20644415937466,62.02169602606837,186126.71978607395,3933.1178935019116,10,1,DDoS
83,2099.8561926107873,76,3,6601.403313802054,172.84092343526464,106.69191397206214,44.783335729950544,217805.52038708437,4647.381834663607,11,0,DDoS
82,2189.651050675025,81,4,5852.965051708063,225.43150212501897,66.45957179245313,51.68614339031713,99422.33718137743,4584.442888257048,9,0,DDoS
74,1948.5786076283248,77,2,8874.612436617665,130.06587554781413,97.18742185510384,61.74491143556557,134582.10726247408,4471.118660199853,11,0,DDoS
76,2127.7652255778876,80,0,7450.246342080543,195.82675985630345,98.46543210065457,71.70324759288097,196739.35189881432,4960.066584797819,9,0,DDoS
76,2084.452750908208,79,1,8798.493686483436,272.3985776442246,95.57639148067494,90.40739503181268,175995.47148580878,5152.308950128163,10,1,DDoS
90,1896.9887796780956,80,5,9536.463927105237,173.33327612912825,99.71636982564846,86.6338370846824,248729.23501701912,4052.885194823764,10,0,DDoS
85,2353.3038955066727,76,2,6301.09103442843,185.7887262420086,110.85938488091612,78.36818754516986,216211.98353897946,3610.4433561777473,9,1,DDoS
81,1914.725577592434,80,1,8198.703371919844,176.36068390993273,86.55071706430431,35.414115720778454,270061.62289074715,5720.054012690164,10,0,DDoS
79,1783.003630772948,81,4,8646.610730788478,187.93731746909975,69.85848235576614,82.54685569610524,216486.25641218366,4943.196733449286,9,0,DDoS
77,1705.0161340762927,79,2,8386.128620013806,190.49199585671175,105.74633776184469,42.63934992488554,218157.03729088916,7070.779592027262,9,0,DDoS
84,2071.907132399147,80,0,7024.768145387515,247.93650038038587,104.16006040570915,70.96185705612501,277720.16867258534,3292.2528952430966,11,0,DDoS
70,1873.8439002561283,81,1,7088.170364698932,218.9235705989007,96.33285387095484,70.55338439583433,193717.09890502834,5138.557436563233,10,2,DDoS
82,1860.0810613745605,81,3,11976.12674995554,156.0771101013496,113.93233321855506,71.95889692205527,261375.7527907498,3983.2913582928727,8,0,DDoS
84,2089.301398058336,81,2,9209.68997229894,204.1124718553739,90.00282441873937,96.09131272524203,165657.69837116718,3399.49619312475,9,0,DDoS
79,1940.3689260969797,81,2,6959.783146105034,243.41619680761946,96.5654750758325,88.57522195760262,207048.91393603553,5488.065387177474,11,0,DDoS
85,2013.466426551582,82,2,8012.2220400559845,195.30690764720475,78.01175751020271,65.43293595759943,272423.0769885911,6274.829345841041,11,0,DDoS
79,1911.643377662629,73,2,7106.223171056297,227.12533025772655,118.65683791176146,75.46219429976458,164446.84944477121,4408.731369611586,11,0,DDoS
85,1911.0102172637335,82,2,7422.6968639176175,208.51569866157405,85.61302361696688,43.759557991356886,254574.47993776706,5698.47164969358,9,0,DDoS
85,1897.7061680303975,72,7,6235.781413366734,185.86571267665335,56.1618403439402,22.666226895639063,213102.07651338878,3687.5207372054783,10,0,DDoS
79,2123.6761467193187,81,5,6339.511313764488,176.86411131467202,113.4553051785571,82.00155255452165,178529.70848228238,3766.2283176732662,10,0,DDoS
71,2225.4992063634363,76,7,8137.042800714387,208.28469081803257,153.90854728438237,84.6234603064604,187209.84657220822,4442.32828839879,9,0,DDoS
81,2004.1635307679974,77,4,7266.85002052175,145.10172381797523,77.63678082095123,65.25712564906426,211746.60447809374,6845.800603647714,9,0,DDoS
84,2114.200224049813,80,0,7486.7515261290455,266.0686411228734,102.80308343888335,65.23879622820628,151995.71532813343,5214.741647973751,11,0,DDoS
75,1979.201235363959,78,1,10540.67367781685,222.53040705437837,70.46511837079869,64.22962426177922,234328.83531698445,4637.381756292932,10,0,DDoS
82,1976.9061998784223,81,2,7128.035241555253,210.1313332028938,107.84345688577434,78.24188652679432,142683.6577228261,4431.316253262793,9,0,DDoS
77,2003.5519757465327,83,6,9311.142064890542,214.6989864469225,33.4625978508691,52.225332659441065,218672.14776781923,4012.0525732380056,11,0,DDoS
80,1898.5266601148203,80,0,7549.152762966233,171.38278716200895,76.70377348226488,32.61775304138645,236372.22677809806,3816.712528827912,10,0,DDoS
81,1979.313430644745,79,0,11063.916883248821,229.26678525785826,117.75177586800422,20.443700220265093,168597.36973289214,4164.500660188729,10,0,DDoS
82,1997.535332320764,82,5,6868.616431153832,177.26382293957542,79.29500581284785,80.83721733072422,191255.06619633877,4443.66407514948,8,0,DDoS
79,1997.6169986366074,78,0,9356.94794156712,196.3494843683445,102.63666405688218,49.47550319302887,248370.03925346927,4055.3303912924775,9,0,DDoS
73,2129.8345841625073,78,0,7658.601753644618,187.21698767203645,98.25527105920558,52.70532787539397,204602.7649480747,3229.1343588244977,8,0,DDoS
83,1619.5803180628573,80,2,9231.02035955772,163.90793421480498,105.2904551073332,81.18391319302083,141015.97879524634,4228.125655627727,10,0,DDoS
83,2011.196261159009,75,2,8337.538830387915,179.57049148535216,118.34247855692519,38.38745571384659,193737.75295004953,4577.399674955786,9,0,DDoS
69,1734.355979585114,79,1,7696.545483730782,189.81883674687023,88.75378380483093,69.02493831694167,229546.25051729448,3411.1171279435785,10,0,DDoS
90,1795.1542407328648,78,4,8382.303201269431,225.8057381322354,126.28949854820485,58.84670017498799,274793.8143435358,4269.887981058185,9,0,DDoS
67,1856.7463746128008,79,4,7061.05913313314,223.83984927297007,77.74821890265527,84.61586613630261,227494.1295321731,4425.113091566319,9,0,DDoS
77,1871.5962193193475,83,3,8457.039180885318,150.32825845659568,98.05494159899368,87.0668997883548,202315.27989872097,4412.6453315139615,9,0,DDoS
78,1563.860088934972,77,3,6058.973102131633,197.99051824844994,107.98532647372197,109.60447400407509,255464.4533890778,5321.096188693021,8,0,DDoS
72,1776.903471904794,83,1,8728.814733429846,204.12532265872048,117.30114772312027,61.787066901287304,191624.7623331299,6474.816990767379,10,0,DDoS
79,2104.883201096317,79,4,7850.175581161778,146.37154341040707,66.21224480999402,52.787725923252566,278856.2348214872,6360.180829314484,9,0,DDoS
77,1952.2495569495627,83,1,6192.694413896617,183.67955640405071,75.45827554444195,96.43027852444202,193320.87947045357,5079.172187827306,9,0,DDoS
81,2094.9242199795167,78,3,7563.767353703227,196.2540134555009,115.6378146610993,58.28984923000956,219699.9124996593,5071.351150765208,9,0,DDoS
76,1998.7594359408904,83,3,9441.090317149683,200.6184796242251,68.47704836077757,90.27642936700282,197858.13621536375,6105.380216984708,10,0,DDoS
82,1406.2951345868628,82,3,8914.499532154037,227.96994811477967,106.63687875424968,79.92568905783367,142171.55151291788,5108.642007705954,10,0,DDoS
75,1631.6959477774412,78,3,8330.114571048522,250.6990018690208,124.79127624938897,51.87573965181503,225253.39787369172,4588.680107493202,10,0,DDoS
86,1888.885857734916,78,1,8980.817222851363,202.04049472443813,108.5528207671569,81.56947910327423,166458.66375938785,6659.810783881957,10,0,DDoS
80,1948.899084074274,78,4,8234.882350848377,199.4350224457765,88.94018974380405,70.11547070758857,281653.9421130624,5464.218022538143,8,0,DDoS
83,1724.6456940645817,80,4,8835.88807964633,261.5683274585126,92.1013433924238,71.24736414153513,176301.25194888812,3708.776650908667,9,1,DDoS
87,1838.3984582541163,82,2,9087.407456613364,172.8794028084404,106.50242210691162,69.75182927885533,165523.01502787118,4453.548354160114,9,0,DDoS
88,2324.5464489872115,84,4,9191.823141284742,170.15634542060803,101.7233844654619,89.48110861639717,215559.73833097587,4372.44604558447,10,0,DDoS
81,1898.7714388627364,82,2,7122.97814721704,200.91014278215127,112.22872749948007,94.48978980000224,247480.04545191996,3277.3741075203943,11,0,DDoS
82,2288.209537044627,85,4,7932.572166941794,185.07982271670093,105.70882875959965,75.86684459736654,175335.91065672843,6809.460618293581,11,0,DDoS
89,2197.64736657189,79,4,10539.758285875798,195.62565996420338,76.34243209053272,87.95288435023272,135104.6083499858,4071.3931509713766,10,0,DDoS
89,2019.3756592242955,82,5,8160.128582911116,218.54472710003182,65.40038862364585,108.89274909636742,206680.69094246326,4811.720968390587,9,0,DDoS
77,2052.908579708052,78,0,7117.097906953567,175.33388649505815,108.0415854395064,69.633512840792,180198.47877648842,5337.852228031865,9,0,DDoS
78,2083.958170477896,77,2,7962.912728615238,166.16126665636182,101.030551667316,65.80812831517555,236829.0689631009,3897.687310528516,8,0,DDoS
81,1892.7982374760197,77,3,9029.23564892751,258.23262315483004,124.6996382578908,53.7675519727825,257859.46474650363,4253.921586551386,10,0,DDoS
72,2026.7177350924878,80,7,7274.956029176935,223.41544910288314,96.53574285595012,68.34856486766259,162841.11321797062,5981.010869426506,11,1,DDoS
71,1627.4889381172604,79,5,8964.119191797015,192.0270298932945,86.23097858335815,100.17883259872698,256746.5287270207,4269.069416124654,9,0,DDoS
90,2141.955368837246,83,1,8333.494837472175,196.74344058757706,103.00001529434729,74.84266455226165,197200.81767462954,3944.706126580857,11,0,DDoS
76,1631.027169224406,81,3,7210.442307457554,173.09226419845348,103.36845377971565,60.76189019167062,158981.82783298934,5453.506128656638,10,0,DDoS
84,2049.130798280905,84,4,7602.715658695072,234.15707192350777,107.31917966896461,56.61663051025289,173462.58674309414,4716.830040665836,8,0,DDoS
77,1691.8508692468279,77,1,6163.210906242184,195.8224066482378,104.18321652993245,73.5596833066836,245551.5810977117,4827.29121181134,9,0,DDoS
86,2318.947246457167,78,3,7818.4357251681695,217.83509005966172,51.37661618822841,58.27084475083835,125345.89311795642,1860.316356660518,10,0,DDoS
86,2158.446772624962,83,4,7448.315164773221,211.6957035367223,69.85000945566172,42.595394467304345,220001.41847543896,6789.686148951224,10,0,DDoS
79,2121.898234087276,83,3,10083.449984497398,233.75188963099896,108.18153212973854,59.8104125814001,296612.6864320132,4571.628716329265,9,0,DDoS
81,1649.7806781780232,81,0,8782.323776837651,154.79772979146395,73.9398984202235,50.821242936359596,206108.5630835307,4729.421355846129,8,0,DDoS
82,1629.1158925767088,83,2,4757.773765045282,203.775103788455,95.30422107371406,56.85901906922416,184978.80960250762,4543.6433266761005,10,0,DDoS
82,1952.637659877059,83,2,8704.565926433588,194.76534467063172,97.05186705490769,84.52727291811229,233812.51793173116,5063.619603683327,10,0,DDoS
83,2073.593318742754,82,3,8012.736960944879,226.92390988876005,97.56294472002627,81.79109796596137,241597.88134098946,6482.329898298339,10,0,DDoS
84,2035.303966688525,81,3,8025.144974232547,180.1686565947722,104.5451425760904,79.7275749430875,213579.2916258133,4844.8188827410695,10,1,DDoS
80,1895.5240094847131,85,2,9921.612378841186,220.85562582734164,76.03154798730603,65.94639092512074,197116.66329367046,4916.982675497735,9,0,DDoS
82,2306.5214371885277,79,3,9016.68706640784,203.49169534736373,95.72096934715776,77.1951026991744,169152.75393823654,4091.4908244327435,9,0,DDoS
85,1843.640551317469,78,4,8527.713368249906,180.86674652318803,120.91084177243116,64.54802995381928,202828.92054409967,4534.576734727438,11,1,DDoS
79,2275.3513903243033,83,4,8155.4064858495385,230.96478519131406,90.23836556928276,59.8456924228843,195770.013286319,5708.690606687447,11,0,DDoS
80,1875.5643106495575,81,0,10197.373431634342,186.2477786562424,129.63537610598212,44.08827744834127,223522.6965415033,6693.735571719636,11,0,DDoS
74,1707.6713066266584,81,0,10256.384698138285,226.830610956627,130.33736071355384,58.60425392631626,195362.3829469538,5100.917953826935,8,0,DDoS
81,1933.8758633756406,79,0,8770.15050573111,242.66550647568565,108.48564186305333,57.76030822407614,233890.64951472927,5850.171414067485,10,0,DDoS
70,2370.1780539780357,81,2,7190.203295142798,128.44766290792103,121.16524285290603,65.3544317758741,212159.13909445793,4898.462037138339,9,0,DDoS
73,1870.6713325732458,81,5,8481.666368451863,215.70440507272664,82.69373169890717,53.85226332673436,211261.06996459188,5140.880969921368,9,0,DDoS
72,1687.48587678607,81,3,7063.502562146399,209.30537870216193,169.8375386474711,54.485874581713674,215766.9959432348,4957.027929410171,9,0,DDoS
85,1895.3944340750304,74,6,7236.111327174719,223.59918766802025,105.62865827806871,60.209631603194815,269001.3538854022,4066.7335197601396,10,0,DDoS
72,1833.0692117471885,82,7,8807.699956983439,127.6601545921745,122.22455068840833,33.77660123922454,163947.9004017598,4965.855729280008,10,0,DDoS
78,2479.61755201551,75,3,9267.361648477197,221.67588260609827,67.01249169448309,94.33088888147637,253097.81037671032,4158.54930923207,9,1,DDoS
80,1796.1906606733967,81,1,6728.155011643591,133.91931179630927,107.36563483138887,50.10075242978035,160339.4547564179,4504.294556841694,10,0,DDoS
84,1973.6547579847092,83,6,7986.942869724171,197.77287987179287,66.55820140980758,55.677830385235204,268569.06656702625,5715.0339897810545,8,0,DDoS
76,2006.3615373692205,80,2,8466.322265987998,199.4607109219407,87.65585248839723,70.9384378633119,92956.25410102996,4036.8804264715855,9,0,DDoS
82,2256.8765397108327,83,3,8167.749962909608,216.76835843904456,89.57108707407303,57.436575580950176,208015.1691175321,3887.9021537581107,10,0,DDoS
87,1747.0081250326436,78,5,7263.963037373332,208.93546668289278,85.17776567225282,92.43621136539579,145715.59316945224,4448.4256366349755,9,1,DDoS
80,1635.3863818927712,84,0,8228.701837444618,226.9247972332051,88.18173883560492,51.45027822058066,145387.31973983737,3326.781966201012,12,1,DDoS
86,1638.6975866324913,78,0,8858.820894468252,255.03033655506087,86.09974991996941,50.66061639495162,254051.66588538745,3797.579034258343,10,0,DDoS
83,1891.7135120194441,75,3,6135.713626973118,213.28150441301474,137.99897854702192,92.29594985804857,143268.47344719217,3332.4253584060825,7,0,DDoS
72,1795.0080338839061,85,3,8118.954780897147,177.73522402787006,102.31440016916923,76.74586056961917,205535.36722221554,5872.260473462801,10,0,DDoS
74,2264.9813567957626,75,3,8339.421118696417,251.49033568904605,85.20774713460449,37.10347546887439,260996.40793427353,4115.3025765917555,7,0,DDoS
79,2247.8110124787954,81,2,7014.07163070027,201.47166361052717,112.85559856612667,50.67808523942499,209153.88531308557,6741.289897599339,9,0,DDoS
78,2042.450367324666,78,4,8540.413952270534,222.43666104323873,91.9176174194628,83.86593632830619,266254.00105503446,4792.11750088293,9,0,DDoS
76,1942.2919212783438,83,3,7605.828267790277,186.60095116325073,81.76550758006726,83.96990487971401,164951.42555417854,5016.574966447234,10,0,DDoS
78,2082.0894542582573,73,0,7983.076531886361,189.15659096984635,106.53537334443632,88.34798513730132,197675.78691700392,5269.422866465077,10,0,DDoS
77,1946.3484631992944,82,1,8590.81592745554,216.77428554663967,73.52071925419231,30.852634744872674,243300.9656689843,4156.301411862585,11,0,DDoS
83,1605.5164600632247,86,0,6322.472950296742,208.18768538055753,121.85033856422913,79.95869827622818,234262.9979246058,3893.071354757466,10,1,DDoS
71,1768.2214705942197,80,5,8868.170807015607,166.77656804762958,88.65331115666545,59.339668539365086,138157.0649919866,7042.735432517893,9,0,DDoS
71,2036.998900589649,79,5,9035.951107142846,196.1588705566755,111.70952880016694,105.34029744217503,170709.16798012436,4607.557941832985,10,0,DDoS
82,1782.197803853135,82,4,7296.893416115599,160.63183200877708,106.51054693210108,67.58140410053393,145348.78346350126,6021.289509980026,9,1,DDoS
2812,522.2620023761115,2,0,76.39395336731282,37.51668714511709,38.34517037035081,27.45998646352305,297.3270916924684,270.88970014807035,0,0,PortScan
1905,587.1882262463004,2,0,72.9103206809461,29.174658790919224,59.6473486851632,17.978647397770487,227.71216185176945,287.455356135225,2,0,PortScan
1,463.63734679428546,3,0,70.00512744585001,38.389784944054426,54.90112532810741,79.52221566252605,224.10847693368783,261.7885684175095,0,0,PortScan
100,447.7823361970153,5,0,58.897289204141785,44.52672816589121,32.874584811065105,5.137179260930822,263.60437185726386,264.0957428390172,0,0,PortScan
1,486.34414489285115,5,2,94.4064374991549,47.83573458723224,69.7508626398508,17.6339863119927,351.5958378304881,186.48573873453108,0,0,PortScan
2072,568.0206287915669,1,4,71.22854236594773,41.05431805755516,43.05891405524963,18.71609452126951,326.714743288085,418.2776860844301,0,0,PortScan
869,590.2509924679808,3,2,88.36112264774434,41.74360694708084,12.084729947186503,67.83325815489616,216.389190234327,314.55235473676,1,0,PortScan
1169,559.5619966013837,1,0,42.09540922669474,33.197116481991735,28.178425230282492,29.67165264423052,241.4402330061398,323.01500928090525,0,0,PortScan
1703,456.37270439834606,1,5,91.36571439393677,30.94524357654751,38.40518123628856,51.28971036589194,375.2417337116425,309.08817007554046,0,0,PortScan
1669,515.9660790752295,0,0,74.58942580330807,45.07260360767615,26.200786453722685,49.7282895053723,351.94265597956723,329.66120889260696,0,1,PortScan
345,521.7481887964439,0,0,82.93475346119565,42.009246152863774,38.45118078880121,45.521369944856865,260.4469358133046,255.01464491501574,0,1,PortScan
1838,473.4804205410243,3,0,74.05560976720201,46.014988057852726,29.49470709688733,6.48730731630809,244.703823264966,305.3933275783224,1,1,PortScan
307,537.3047525268254,3,0,90.86597072836565,43.44483232039658,22.753830261262525,61.43367859565588,225.52498288633586,303.6365414185101,1,0,PortScan
298,498.2178873368434,1,2,69.65310898809592,40.50921870406004,34.77519030655963,14.039067246610351,463.242860526875,295.6556393432058,0,1,PortScan
1,518.9143685735432,4,0,74.39842927998718,36.21810815346612,37.41277980497892,7.55077659060764,224.6261659295265,291.412027026738,2,0,PortScan
2753,535.3966658755406,0,0,53.60488380088213,33.274574228502466,19.59281442392029,45.411868499413295,339.5176176420013,265.8172214480661,0,0,PortScan
896,512.656569384488,3,0,105.85036583753717,48.36540835179893,38.095248025987516,29.4562444133208,280.3833337213768,309.2189526708325,0,0,PortScan
1792,569.6783850215048,5,0,85.04725538570364,37.290109731754264,28.25559375343376,78.21653702712732,271.94938483669597,421.43500655165695,0,0,PortScan
2113,501.22002311225464,3,0,73.81817684842778,38.83956083807993,27.00565158505951,72.62765907917188,289.7703852312457,405.0828210686486,0,0,PortScan
1585,485.0151168702819,5,2,76.43019843581527,43.04506480720221,96.23756750011748,45.03990253366453,318.26964220362476,273.16053001509414,1,0,PortScan
825,625.3369689408335,5,2,94.35098163986495,53.172284937752394,51.871762295822414,81.41757051552172,365.2576998658766,310.1576901111143,2,0,PortScan
452,513.5551393841482,0,0,71.69571834709072,35.41909351890033,94.23852669060011,52.54947778146757,296.7091811993803,380.22520068076767,0,0,PortScan
1374,582.9552538528944,0,2,81.58924668974575,31.89831637035032,61.30840363165332,22.5524867734114,398.773547560416,331.29867351255297,1,0,PortScan
1928,404.85179020327325,2,0,83.67458399589506,39.669901653427935,52.331557666313714,23.24737106475721,412.18826511842644,441.26737443227756,0,0,PortScan
1311,564.4683732692607,7,0,72.00358866261134,32.56490713600519,17.744376991223415,7.214075053660338,322.13101265924524,229.29877563370638,2,0,PortScan
1,447.45936049696553,0,3,68.95510432373085,29.545152325476728,39.011522294893226,47.46779888002722,259.9072934099486,398.785279205083,1,0,PortScan
168,497.97377823165044,1,0,83.7395439732412,27.436350752743742,39.42428708775684,10.521143463635223,423.1986891678166,319.90199864986806,1,0,PortScan
1,383.6285919370126,1,2,81.18344865050535,45.498025729539634,58.73265146020417,10.152057979587404,317.5487071468252,419.9549523028355,0,0,PortScan
792,476.3018952214061,3,0,81.1793180493724,24.478076722743438,57.07926743312777,71.73733086132563,379.17053444536594,207.57184483590447,1,0,PortScan
1307,496.7176312336498,0,1,81.79419051510448,46.57651997936795,42.546170484791155,44.70054025728846,181.35059200740167,229.25689998960343,0,0,PortScan
1017,576.5454082019526,0,0,83.31604903217615,38.37951813261306,49.91160790353781,28.588743519902557,386.6408806147171,280.5050014030936,2,0,PortScan
2515,428.6960834472776,3,0,83.0082098932793,48.3496361588841,17.218064023771042,13.559405305460487,239.099620404193,315.5176420324289,0,0,PortScan
1,441.67018685680654,0,1,71.8566114546836,36.555692748003,39.163115436383556,34.545289277277476,136.73219673252856,273.76386296830225,1,1,PortScan
3070,534.0163803291766,2,0,81.15769382037492,45.45227831596171,65.29289823038512,22.38977331897197,314.42074133348797,349.75187242535253,2,0,PortScan
482,464.83041748837854,0,0,90.74496602664743,47.485140057714894,54.49713644582989,63.84372486138279,272.32011916381106,323.2004385795381,0,0,PortScan
2248,498.48349909719707,0,0,70.73295265606535,29.437580161453,24.192686216292106,59.21249606599707,402.5355495832224,270.1706314522632,2,1,PortScan
1,497.9925020578939,1,1,59.28123946503569,37.556004326120856,61.15642414124574,65.2440639834694,411.7130869421331,279.41194822344767,2,0,PortScan
1,538.8420733847466,0,2,78.66718874689221,48.45767048607356,45.13120318839616,34.34989963797412,358.86291187474575,315.6295283617884,0,1,PortScan
615,467.5061219838845,0,0,72.80830679678985,53.02614384426499,21.83432129518318,40.168378074836546,232.40081567814232,262.70745774167614,2,0,PortScan
413,500.317225920269,0,0,68.10731142549852,33.72002156169831,46.518985462363474,51.935863335047955,329.7827920508215,289.6643517313319,0,0,PortScan
99,544.9463577584936,3,2,75.47121188585298,27.3228657852995,59.157927871709845,64.52642669886588,209.51768688479945,308.4128786981395,2,0,PortScan
2791,482.199344717443,0,3,83.82891777463254,35.42803286901467,57.595759057828026,0.884657432605934,410.7336889864314,250.2087463186225,1,0,PortScan
1460,545.2842118638355,0,2,76.17756778004072,35.18498343116142,35.51912785587742,19.907827892238238,251.46427803893215,357.897164231218,0,1,PortScan
1455,447.6756168860235,0,0,83.43364436189273,40.06169043939213,23.398087587740914,60.256246005128865,193.51086623742611,223.2225581816548,1,2,PortScan
1437,448.7327773579833,3,2,92.19214005790441,37.13094826285972,24.00547121447053,42.36434558701902,325.33176762417145,397.4923501205598,3,0,PortScan
501,496.7577728898855,1,1,86.31458366623058,41.805278886776975,66.88142582061583,36.82978151160583,235.90071571146285,204.80332514828228,0,0,PortScan
1,533.8225762617925,2,0,68.43144327238325,28.93338236581198,21.60560806453891,76.95818113237013,165.14170998570756,308.65044156039323,1,0,PortScan
707,539.1717711108053,0,2,98.5990658322161,32.71037929449194,23.60333187144195,42.71880750465193,360.36394054450494,381.6880461019098,1,0,PortScan
1,512.3919073780722,3,0,80.77727630985736,42.325662257485654,60.90127986464568,20.18874592788188,333.97483622378127,228.67417637152982,0,0,PortScan
2541,669.0295162001194,2,1,93.09804099123302,30.468406437982516,55.313268034615476,15.165202792622061,399.3758303715131,388.0529976608446,1,0,PortScan
2692,513.2441071097833,2,2,57.73949457588348,42.999495957611366,59.92216305815828,46.780019632504924,308.86078347423916,241.82685491622743,1,0,PortScan
1033,471.2765491420063,4,3,85.04590026454797,46.2772435068693,66.52046594683544,71.7632229049112,313.7646591775806,286.9869907211155,0,0,PortScan
1575,547.8472786914718,0,1,67.04445977759153,48.847748049742336,32.17077894444199,47.15842255942963,256.11842618571166,281.8051615192382,0,1,PortScan
1383,491.5113220824907,0,0,87.39316581109077,51.66147512608336,11.382223391405507,21.65906881997371,289.27692211233324,261.67569157194333,0,0,PortScan
1775,419.56732066148766,2,2,92.74425525838463,37.06090514537401,86.09498091866581,51.102268095798784,250.52496068676544,360.0422353336296,0,0,PortScan
1,540.317671245138,0,3,89.6288063889977,43.13045543533338,41.17264867924609,61.74032514191366,189.99614331170784,326.38581457641936,1,0,PortScan
1850,688.8253701175929,2,2,81.98079045961825,51.00867647561931,0.0,73.9589505836571,258.28780858023276,162.00328113439656,0,0,PortScan
1218,497.6595405395557,4,0,79.17843118389617,24.995391311435455,49.74688133946795,60.20483402226027,274.3389574026152,185.49785774827154,0,1,PortScan
417,466.1062219388905,0,2,72.35803381128146,33.916776588605934,9.872744301640331,37.84402037178685,361.0578079900754,290.9760941375876,1,0,PortScan
1171,509.12761837586066,2,3,86.34208772669234,35.953225244743976,42.57240093382861,38.48070730606029,329.5808507476531,310.99931570581333,1,0,PortScan
1403,566.9942149826978,0,4,83.86194534455932,38.545760485507614,3.910237016443638,61.75194040191552,240.85747818182284,268.8173628955356,1,0,PortScan
37,441.28470348019465,1,2,85.23907880989047,42.85181964564814,33.11639515620964,42.80938834427043,257.90751433350385,421.8581941097472,1,0,PortScan
1,581.6664433851803,0,0,85.24713429803327,32.323634223470805,61.332093943282686,73.58166959072202,249.69091038731008,368.8870350073255,0,0,PortScan
1269,512.1344985385483,0,2,60.9006386011748,34.0103384150902,18.442612220498997,55.167273359771954,349.0380344761857,340.6833671900648,0,0,PortScan
1481,417.5340210942045,0,2,89.14750408121596,41.78664356887516,50.84151349827067,46.48192112746766,309.14504175824936,293.33533157686446,0,0,PortScan
621,618.206510089054,2,0,76.98429250538082,39.19356450718046,34.55466175573665,50.894100170564414,298.20386566094214,349.47586173615736,0,0,PortScan
1901,441.13279171073987,2,1,75.64828546836864,36.58987316492013,2.901797861196094,62.97642525269344,243.09164901545765,224.33739720736418,1,0,PortScan
1987,522.1451753817621,3,0,64.17449454148753,26.778659144702665,69.13624046572954,30.561181062772395,268.48244983452724,396.5119281180883,0,0,PortScan
787,492.9895530281395,0,0,96.7113576015375,45.327651938831515,0.0,0.8293672131095633,320.3518431689822,293.1097884186959,0,1,PortScan
1,561.1791944240803,2,2,83.29380868686185,45.92298480499479,34.99336415672391,29.15483936301531,347.67585140012767,310.68126992710177,0,1,PortScan
2234,573.513331840571,2,1,75.03994904097654,33.19019481602771,41.30944114420144,43.53017000645248,259.5715535906201,411.6113833683779,0,0,PortScan
352,565.8514751536667,1,0,68.4886133651979,34.64853283081443,13.907602582576402,60.31074424503389,337.14232418379254,360.3920734948961,0,2,PortScan
42,395.2555027199695,1,1,89.83242831770725,32.877985135886746,51.81710448888758,74.15704787296386,248.03258915203924,254.84984988436037,0,0,PortScan
1881,539.1139735143968,4,3,81.65675218093065,46.66940382707994,20.96765571649167,24.181869427874904,314.692837061054,250.10067638925955,1,1,PortScan
1427,462.3909909495133,0,3,69.62423435044782,40.62522119064362,34.82210288656579,41.060428336522754,366.8785327750664,267.1336202585727,0,1,PortScan
1247,537.0121857399807,1,2,96.44158834441104,49.56428424018756,34.53091850440548,32.956953556029426,324.086962361395,312.6374639331327,1,0,PortScan
1,522.9510133739607,4,2,101.5727578135254,45.96560189351326,32.2333325618109,59.70851812063192,294.8189800546557,376.5723846995331,1,0,PortScan
1251,502.7797568604115,0,1,50.45687247744041,43.484621005294755,59.8383783282091,81.02206564522551,322.8186607032856,256.2937146505609,0,1,PortScan
1,545.6716935749879,0,0,88.88190564604251,42.27665060260876,39.169191174428995,23.505821914095936,244.69336374331732,361.5263427969429,1,0,PortScan
1230,452.73817897464556,5,3,69.86194017983362,40.714146209533595,60.96494604167984,27.163429383548262,424.1091835569753,392.1483663992866,0,0,PortScan
2686,436.5513867630465,3,0,77.18502617198911,44.97214610917926,30.45845545035302,12.00495189661643,213.24809583387764,298.7961444988755,1,0,PortScan
871,498.4293825260398,5,2,70.30315638719647,37.97850740642613,64.09378108565714,28.393956756508285,275.92111161775193,298.4710797479934,0,0,PortScan
1,574.0199774229214,0,0,83.66942525164605,28.021434780441037,50.74700683005336,55.47247997632827,264.86946890888237,276.2773779950867,1,0,PortScan
1046,517.7284425927901,6,0,80.45085642541052,47.924051865834755,0.0,34.620853794674545,183.51316005969625,187.7554831510913,2,0,PortScan
2507,487.6880862047317,3,0,72.88963119173388,39.47752996713353,42.56664544567127,70.66538875323056,287.9934916295523,323.17019277726376,0,0,PortScan
1,555.6625354582728,0,1,77.21604353359385,46.89253514309628,50.43328681727536,40.25986405555958,310.67503776566684,320.9498061364837,1,0,PortScan
2309,582.5396501382453,3,0,102.72193566060415,55.04936696688269,32.71799373871731,31.720014891285512,174.40737481936696,347.5338222188746,0,1,PortScan
1,503.6922441878794,4,0,69.65900551906894,41.74463460892141,29.448196556142307,33.13470274826252,297.5978301160829,266.00379838505404,0,0,PortScan
632,508.4626701891773,0,2,63.26889090582381,46.695082076659155,0.0,21.77648929627944,203.02131649106096,361.83893925550194,1,0,PortScan
449,568.1740031069747,1,2,60.22733567622902,29.364881611933562,51.106623322339786,85.770859343735,265.9040571459876,334.79342134249276,0,1,PortScan
545,476.5200422164852,0,0,82.05294859967877,49.44374460182837,15.910993866409477,59.00811419839616,277.142891276816,280.43521396156194,0,0,PortScan
1,580.9240404685446,0,0,93.79871912152878,24.882534533510174,47.91970991235934,28.759910138227482,308.2130186912288,349.58489504575374,0,0,PortScan
1696,529.8071818868781,0,0,61.833973622615275,48.668331908941724,14.717662921312034,42.66483624459311,403.27841000117974,345.9837321823144,0,0,PortScan
349,544.5169127550063,2,0,113.36929106806564,33.89799911964738,29.488775692922985,31.7997150946257,311.18203969010915,316.85376144683255,0,0,PortScan
1531,482.87388178767816,0,2,67.09840292921321,35.10261752644514,36.1031148764255,14.157953058666259,247.1154314298991,300.0309673184088,0,0,PortScan
83,483.7848851072725,0,0,82.56712418067374,37.64967687883058,9.54528376084658,34.400846033786486,303.54958548579816,363.6406552725712,0,0,PortScan
1,597.1514047624121,0,0,76.94014582924173,26.65277526784595,59.79973508482053,41.99840637615152,324.84952291013434,235.35544358653334,0,0,PortScan
1851,640.7704778040181,5,0,80.23309400531679,36.98333127785593,60.555712581635746,36.908775830334235,325.97248623649847,276.7411958655751,1,1,PortScan
352,393.1404670426452,0,4,82.15748666857685,37.54446801132386,19.63315112197892,59.90098914006554,314.26659092639306,289.84472132041446,0,0,PortScan
650,526.4884209056714,5,0,60.43873962855928,38.95044673108656,40.54540485901182,7.912567478342552,258.86715456040514,272.20752398143776,0,0,PortScan
883,542.3317685176725,4,2,82.876525048152,34.607307349373315,29.24672588246876,52.77683271026991,303.69406884540444,345.48507894329737,1,0,PortScan
1411,418.74624063428627,1,0,90.29500388555974,34.92342892850246,43.57054429569405,30.2877781608388,325.4896500134482,340.26722088094135,0,0,PortScan
1138,536.3081971685029,0,0,73.59335129628293,32.80297410520073,42.13235521547094,47.1164758704532,246.26753151808973,391.7073146217271,0,0,PortScan
1325,409.2133405529558,1,0,77.61490643996073,44.19263897698819,75.41708137058166,54.156648040486374,202.10304779072385,273.80533577815163,2,0,PortScan
2713,458.97003722555706,0,0,73.96684608799863,48.24596268811796,19.799719554565574,55.10473310418007,323.1024214755013,343.23248269007547,0,0,PortScan
3082,432.14210674176553,4,3,84.94163939969155,51.03387563919694,0.0,32.22292496982167,223.37227298382402,269.23540570807194,0,0,PortScan
77,539.9800128967272,0,2,75.49280882474962,26.886640116021834,2.4411117186929374,2.0238157692952257,232.8003112896885,300.57076004634945,2,0,PortScan
1,376.70295795248546,0,0,76.12974678077106,34.326241560911534,88.96648881349817,2.972261204353046,311.3802336450818,405.44847642724585,0,0,PortScan
2571,384.7436886110345,0,0,83.3740593845896,44.44719274015105,34.656135089811954,81.00690973491564,279.088434788107,291.61612547868936,0,1,PortScan
909,473.53741312367794,6,3,91.71035593653804,30.329565710631723,16.350225943070896,33.116674089902176,278.088760725089,267.8068654852895,0,0,PortScan
1,508.3372415223747,0,0,75.29543823727484,44.68876928084875,44.21222696836247,22.841102167871096,316.3903695345821,304.6591313126504,1,0,PortScan
1981,517.4442021483134,0,0,61.160572000285,42.59622872351588,25.53186311166841,32.45136741616439,294.2717520117993,374.0322393368554,3,0,PortScan
3013,527.5532442302596,5,0,63.6892050926125,43.35650944086221,65.83271748807101,8.510395091101806,295.9533979256062,313.1039589504058,1,0,PortScan
458,547.3767545042638,7,1,92.73321310605813,41.17323284651477,48.607614177938586,32.16032621464868,285.772901037489,264.5790429456463,1,1,PortScan
1211,533.3939759422865,0,2,38.738230087814166,29.953763450164708,33.1329115595845,3.268486525542734,334.2802102586109,312.2848996840705,0,0,PortScan
1,453.1713687106366,0,0,93.56039732471093,35.31279497636831,60.40258887100026,36.91233510108368,318.65601319717047,243.7165496577449,0,0,PortScan
1254,570.1311753825116,0,0,84.63768954796525,46.01508377810542,37.692546172439094,32.23914105957287,264.06543056197734,300.2907667282294,1,0,PortScan
714,538.7312911029893,1,0,89.21097992958326,44.991211951075236,52.250357466670835,53.353146775494714,275.773392198493,312.4565052365904,1,0,PortScan
1,499.0420515716365,3,1,76.12221714902446,40.22825559944149,3.8234602890911447,10.0668936118702,118.76902921785992,286.0251481081749,2,1,PortScan
1,533.2517737985266,5,0,54.42824594815146,49.976113779276,32.852085755490734,32.16478181596157,404.58425194996676,328.8316473277611,1,1,PortScan
881,450.56405875066264,4,1,89.90446973793641,42.96199659653452,25.243907600738936,41.107505678128355,281.3813262745985,287.6141614029792,0,0,PortScan
1269,436.8952740596142,4,0,109.39078968300313,34.94590438603325,39.66175965418308,67.6878326887654,290.5116608609744,225.20457589655376,0,0,PortScan
1481,544.6308758389606,2,0,86.73715650830711,50.41250073959225,24.867223763570124,112.50574972293003,277.2457323991573,379.2682303262103,2,0,PortScan
1372,539.2296688066143,6,0,86.55355186820064,37.459111205385845,26.944611358921232,43.173945770558504,313.36574330008756,332.53000035603765,0,1,PortScan
1,451.9481151946728,0,1,73.70152140442548,43.80967304836545,24.487049850000354,65.9558976515612,345.7870786393802,268.91685884798886,0,0,PortScan
1,563.3656970520599,4,0,104.54441931113337,37.925742764461596,0.0,61.79104574037025,379.6896089344027,300.431376032212,0,1,PortScan
518,499.1294330895962,3,1,74.02576857920602,32.696917516229334,55.10611757619053,0.0,320.29009830193206,316.57486719356996,1,0,PortScan
1246,540.6638568870212,0,1,84.9906175474078,31.18694050539851,21.08965994962646,71.73494808035672,363.61358834556984,254.74940413093196,1,0,PortScan
2434,558.5409123938697,0,0,97.99066568575442,51.50064051053337,27.7337617530032,15.408525655209893,315.95240584723433,261.0385872769332,0,0,PortScan
1795,529.3952702005132,3,0,58.08041353900473,31.069113817849413,50.02013760568205,4.048031339792367,340.4123665744964,408.530481091816,0,0,PortScan
2013,546.9218999595427,0,0,81.65554614743992,38.179669500339514,51.70689743040808,46.74843607610876,380.2414496863927,196.23214922110475,2,0,PortScan
899,521.7532308126398,4,1,76.90616389472216,42.04714159090927,26.269719458329604,13.971859923419405,247.22117695589156,253.57511371942022,1,0,PortScan
1280,574.913886074984,1,0,70.72816253518775,33.790222540486965,34.19708154667654,67.81211615541211,211.1863134890455,334.74423829773747,1,0,PortScan
579,538.4204920432602,0,2,55.00771119828444,43.702261184972585,55.64811143443592,8.931672965270138,354.3505152744399,233.40959512147117,2,0,PortScan
1761,521.7001527107378,0,4,96.57997526050372,33.27321323484784,52.55873092104224,50.51872789494652,262.62101925016987,240.61142968133333,2,0,PortScan
2002,600.7970417476511,3,0,93.78488028436902,30.918957100762768,23.384247157228437,100.13598905309827,256.22518807661686,326.13943019007996,0,0,PortScan
1303,368.8801031053062,0,2,92.27444683095318,42.8925544289645,22.553870908511637,49.383340690606154,274.4329641225648,257.2926896129972,1,2,PortScan
191,556.6095648007467,2,0,69.0188389160221,39.277550665402515,31.869649869722817,46.551882158576824,243.4740559906993,242.03895980281948,2,0,PortScan
236,503.2091298258553,7,0,61.43950499240107,46.978822120544905,80.4979007133757,66.37811284669552,223.277790069635,177.6184872960776,2,0,PortScan
1577,492.87455289038337,7,1,76.42110805434694,41.26307549717373,16.741469528402163,43.984704710666485,296.55635955875346,172.7453417880588,0,0,PortScan
1,519.2524627572947,5,1,60.89578569115597,27.606375714005416,55.825633458379514,33.967598449442804,294.19608385811574,221.03216182005127,0,2,PortScan
414,489.9156408085461,0,4,75.25655879690356,38.787901238687795,40.60735760685459,39.4198291209827,385.3922182797068,187.77162737412664,1,0,PortScan
591,467.2231052685166,3,0,72.61098917300788,43.717170916757965,27.935772858906915,29.820938772715643,320.96895806104635,303.3747168428281,0,0,PortScan
103,541.8311443883523,0,0,85.01576403021741,30.50640237642484,20.025204164994445,34.789930776832,340.3164391597584,267.92548950124774,0,0,PortScan
1347,471.22202723358674,2,3,76.30991468610632,36.97382761170346,20.13974458933241,23.574576670047584,220.41380876022998,228.99311813815513,0,0,PortScan
1439,474.5016267864141,2,0,105.93148267711008,56.793553939208294,36.21410452462963,48.66858837597683,301.7017169193045,343.1091647448317,0,0,PortScan
1760,440.86116873004016,2,0,69.08445520182833,46.38465938904857,70.80195570639658,35.52416830445909,270.06599404216576,313.98140541332367,0,0,PortScan
934,382.5011502419541,3,0,81.55641317610012,29.22614260044967,23.61685940503093,49.9196990581394,378.72532074953307,346.7309663808976,1,0,PortScan
1522,503.09573229751913,0,3,69.08588764834742,51.79162704856056,25.64340111755191,25.05707437477064,289.6227901316336,215.20671662030193,0,0,PortScan
1,454.00721183399196,0,0,93.83566978607291,36.44309464419494,34.755153466908034,43.002800643937334,227.77260166175472,309.26881605164726,0,0,PortScan
1,463.9580361752464,4,3,75.1858504913622,39.96582022384744,30.07919356924705,16.539210346564573,185.83993442132433,399.47248955229054,0,0,PortScan
2505,477.1753355487658,1,1,74.6356211094733,41.3788156042945,32.25705365855893,61.66251817433903,327.0136688490726,225.29350137032054,0,0,PortScan
379,460.69207242327934,4,0,73.73105122375858,40.819032135112465,0.0,48.17336287039664,334.08241269432403,384.0571647010721,0,0,PortScan
1220,480.21350290136485,0,2,76.20325675162424,42.38292461015624,18.42886135434742,59.00281955704982,278.4489232135371,255.97607526135977,1,1,PortScan
89,550.5581253927712,6,1,61.69607581817982,43.97727914040238,61.30139791892241,19.67058252321166,401.97055093239317,288.26195052194083,0,1,PortScan
1237,563.8975098917182,1,1,80.38612557683517,41.71690424981793,51.7916182410386,49.79887129136608,282.01400997788505,357.5391973204066,0,1,PortScan
1648,495.8581123366367,0,1,98.1187290269855,41.393265115767356,59.598280371574695,38.45892503368682,281.3720856843595,258.0433866154843,0,0,PortScan
1066,497.69604499196845,4,0,102.086642805437,29.784134351370934,45.06113401356764,16.24553324315048,283.44853521998783,370.55320987345794,0,0,PortScan
1131,509.0055044856036,2,2,86.37559062409615,42.609762882768734,57.76118479412459,53.16795166125601,291.90501909378094,224.83223817171745,1,0,PortScan
2661,471.1224049055825,0,3,70.22161431454448,29.4702109739849,63.36582542790237,10.755644543687364,379.67224892421154,241.20772049856797,1,0,PortScan
22,5250.475617952152,12,9,843.1109932763402,303.3407886581604,47.04586465756299,61.97150347934755,5332.582282642575,152.95345804923534,2,0,SSH-Patator
24,5166.45882583154,11,8,817.4633294987533,494.3657390699594,74.46683217495716,50.92271134460329,4016.025354928049,202.23174229347146,2,0,SSH-Patator
33,5197.54190257191,20,5,1122.461665685008,316.9810988979739,46.975483333404,60.8490261680666,5048.05425343788,103.31898104652616,0,1,SSH-Patator
32,5458.335319858142,14,9,744.4433942289135,431.10510676118327,33.050794098170684,49.812797987401844,4869.164656773251,232.88555115880368,1,2,SSH-Patator
21,5419.1008797674385,17,4,905.1064581654381,402.1916111363673,44.4252015088613,53.58821428714367,3543.0101384772397,222.8035941409673,2,1,SSH-Patator
34,5176.524041670591,15,6,940.4112045980818,341.331615132763,85.43637234651811,37.047109340510346,5158.628006508571,281.59340366963363,3,1,SSH-Patator
28,4972.666088568096,17,8,776.860413404113,426.24655120676607,78.69300126093775,43.077962555495176,3901.7809945666327,178.34396116494298,0,0,SSH-Patator
16,6013.224938362722,13,4,1018.4344819349033,389.31215786222606,60.97206013378772,53.77292406470361,5209.522801963092,184.64775842324266,2,1,SSH-Patator
19,4914.096230581038,12,8,1000.4016071364663,439.69594709234724,72.29481259147795,47.46862810651484,6580.4531213209275,191.50555123536563,2,0,SSH-Patator
22,4879.49738710237,21,8,671.1167751152655,373.53293086693884,31.675449395283536,67.59797991536425,6375.967825605152,181.5072407141105,2,0,SSH-Patator
24,5867.931651067194,13,5,997.6853168981132,431.5101375792968,73.47602983001869,70.52909937744909,4318.170422503611,119.39339643462785,3,0,SSH-Patator
15,4414.686568668126,18,8,941.194676713839,451.8735991269111,46.4619810975467,27.497708185856425,4146.195768593222,154.7124408098061,1,0,SSH-Patator
22,4759.09457958216,14,9,1090.5736575531512,494.9122128217817,62.298443596292394,54.24740574747952,4491.111391388961,241.24526168462413,3,0,SSH-Patator
25,4834.887164011347,14,8,845.4399528090612,454.6013670104752,30.082952709199752,36.09206182487036,4880.469147084252,157.16222814083793,2,0,SSH-Patator
22,4278.427296610527,14,9,1199.6847065473096,465.7356941440064,92.34482419972065,51.359443867546034,7117.851576612576,190.10839437042011,1,0,SSH-Patator
23,5527.853802357107,13,7,836.957884002716,379.78139413919183,48.19233227291594,22.99920551953901,6382.349097966073,119.15812386750586,1,1,SSH-Patator
27,4895.490992333987,14,8,864.4615622411841,453.4812914109997,50.342426278464245,30.29163077898973,4526.86452164875,203.9469857010869,3,2,SSH-Patator
20,4266.444035708161,10,12,845.2097097774182,427.9322792130496,98.3456970587846,36.39767518881945,4805.231432777833,176.19559796485564,0,1,SSH-Patator
27,4061.25704282868,17,7,924.9731793496351,412.07000909088356,33.86922655352632,43.782581688126164,4008.0958659644466,278.52531448347503,4,1,SSH-Patator
16,5579.184087497504,14,11,1167.7458368578914,502.0472921402864,52.094810976936,30.038504235989144,4336.286941889547,196.0498452645383,1,2,SSH-Patator
25,4982.98339215273,13,9,1087.4650594592244,282.2824839670298,64.67747181138532,43.99069386412346,4255.026069559223,186.00850422316103,2,2,SSH-Patator
22,4784.686855872399,11,9,797.7455769202179,393.0615500933948,74.26173599616178,51.047412046686674,4613.385130260672,192.91848562781666,2,0,SSH-Patator
23,5211.847081815048,13,8,862.3539544868843,469.16444270906953,70.03620507007273,15.393241192662096,4792.438708167224,245.47615757695138,1,0,SSH-Patator
26,4457.604285065619,15,9,1015.8621571315157,336.965639657667,35.07575826289459,79.89114002006757,4220.799757746028,196.31473910795833,4,0,SSH-Patator
10,6396.188599805546,18,8,1277.6903162861563,395.40878898356124,88.91865723426275,50.24919955911816,4724.079738215393,225.93309298744902,2,2,SSH-Patator
27,4750.140916848873,14,11,982.8018618255004,405.9498787267173,86.94858238753955,78.00321599817471,6291.268698384868,177.60641548725036,1,1,SSH-Patator
27,4401.273908367831,13,7,1036.9856075200132,333.9368387756639,114.09926857091747,51.801081165072866,5620.703395585448,291.4244651534383,2,1,SSH-Patator
21,5238.123989243412,11,7,906.0004110121155,340.03877079844636,80.27100128852408,59.19163558743034,3145.212510679574,232.67794848458658,1,1,SSH-Patator
18,4824.661755921279,16,11,695.6916269639505,379.4371959390426,53.35778187070876,72.04926173509655,4764.039272301649,217.46121187975191,3,1,SSH-Patator
19,4788.048823551874,14,8,784.8340262300272,397.3193345988764,71.7366519184581,40.853641647570996,4532.299575032697,212.10988982453893,2,0,SSH-Patator
17,5647.551083887417,14,5,917.2922229718016,496.946432928029,47.788580532506685,30.926850932821846,4755.891354157988,265.4808528215866,1,1,SSH-Patator
27,5311.733141516879,13,9,922.9639835368837,449.54530341076156,67.85121222919892,52.87686333997093,3268.047082151187,226.462044784857,1,0,SSH-Patator
21,5148.4487964344335,14,3,801.6609183766507,341.3415497872818,53.67400428876874,4.141738947029516,5282.488869172686,221.87625902046082,2,0,SSH-Patator
21,5504.081140747129,16,7,940.8815931850944,442.40064993775337,84.01017597840541,59.433216481082155,4222.810334363458,180.21982522817015,2,1,SSH-Patator
27,4066.2207632498066,12,5,1047.3376782297391,447.21343168098014,66.81525740279169,66.28201749955801,4446.073772643394,221.8831392697368,2,1,SSH-Patator
21,5481.888517706792,18,5,830.7003595292584,405.78101414719487,71.63694962050991,18.293982703391393,4093.354979289084,187.88143540437665,3,0,SSH-Patator
20,4989.024808147599,14,8,897.1584447279167,389.06965127691825,65.77492829745954,55.61495006382598,5382.663324978411,216.59242852963823,0,1,SSH-Patator
22,5392.270756564951,17,11,793.831011731675,392.65727506398406,64.48394493746108,37.72110333707074,4743.915869696534,185.47469640554976,1,3,SSH-Patator
21,5738.6169492753725,12,8,816.8492241289007,421.4877215370421,93.39457971133767,88.90605937870362,5827.890413224208,219.48507817697586,2,1,SSH-Patator
28,4208.508201669716,14,6,1039.547425570412,326.99023012959435,77.17482113340331,27.797790080965218,3965.151362436989,262.1308559635772,3,0,SSH-Patator
13,4548.901777624933,16,8,777.4937914685235,434.2720078652193,87.74051524980393,28.261277461135926,4948.1985275934085,168.56717453719435,3,1,SSH-Patator
18,4196.138742385902,17,7,921.6848621676413,390.47952597364275,68.49753364273153,16.156537264655327,4214.85345270958,214.6172346343306,3,1,SSH-Patator
21,4694.556220021108,13,7,796.6344697557944,408.9017341344711,60.68493025887014,89.9131962436434,4932.805819554162,245.95992927565072,1,1,SSH-Patator
34,4732.538990761107,11,10,912.9913721212421,386.79134218032664,69.66318743963942,56.61011978991772,6272.426815767574,218.82388752957382,1,0,SSH-Patator
13,4487.706695243196,18,5,913.2307401346611,476.80887934233374,72.49968972387408,81.15222230772885,5773.6339253760725,265.3228694278852,1,0,SSH-Patator
31,5192.2969621043085,15,6,1121.366412012625,431.8317699852115,70.70735032006547,38.01043901965088,5124.159973783599,184.28757143066002,1,1,SSH-Patator
19,4600.831920681685,17,6,1093.1202073129505,494.8228759640585,33.10624659771999,82.64675152533911,4218.634332080995,254.78409129746464,1,1,SSH-Patator
16,5333.6607096036705,15,11,1006.6093392681458,348.1099636652939,67.02783228148648,37.349902985212694,5220.327783102779,264.1496671860747,3,1,SSH-Patator
18,5059.608327285499,21,7,709.4507879394479,318.80030159346614,37.18453650927112,72.30570461500521,4703.508175505939,171.41470186788487,2,1,SSH-Patator
21,4621.0505024275135,15,9,681.9358235630334,317.445466812884,100.32693181467036,59.3240055511944,5396.003340005173,144.77361663352008,1,0,SSH-Patator
28,5062.967955816037,10,11,1118.5699636610864,454.90834665348126,38.80323931327527,37.79906380254384,4763.553196794727,206.38924784063312,3,0,SSH-Patator
18,5005.427731820733,13,7,702.293081162819,403.4985217321264,53.81075783133258,53.72407826426024,5928.145257766525,189.55283516183115,1,1,SSH-Patator
19,5102.395462840438,9,6,969.8228129714429,412.43770343688414,76.38134670850754,23.70506553228783,4475.003848233625,196.91916490246697,1,0,SSH-Patator
29,4771.938753436334,14,9,963.6015669848177,408.01469279806184,92.87977463318978,61.18647292809679,4767.524871557244,160.87673977993882,3,0,SSH-Patator
23,4738.512577360867,21,9,663.1131517896076,417.18291412844843,32.62073719725255,38.78804145524164,5793.2625106791775,147.33108497404575,2,0,SSH-Patator
25,4514.077287907312,16,7,1036.8708649637206,401.83971267581165,72.73549414507531,76.25223214138065,6068.619873409642,198.1159710297832,2,0,SSH-Patator
24,5794.608315807167,12,5,961.4648191162509,364.54308498149425,83.88526851533138,66.46113703464049,5596.062597256907,198.24983414826787,1,0,SSH-Patator
19,4971.937034074357,12,9,981.9264203546329,319.36295300206393,6.097056370658542,71.25523622046175,3771.065523043659,81.78805913539259,0,1,SSH-Patator
28,5450.496648515645,19,11,1150.158507861291,341.77300936735304,56.09043330403661,37.57625185221555,5053.910779675218,185.72527335720392,2,2,SSH-Patator
18,5368.571723776568,12,5,1036.755822752397,391.7200858422792,61.414406485358576,78.74632066084475,3680.0446003077486,203.13105011659317,3,0,SSH-Patator
23,5462.4986712588225,17,9,1032.2280462052481,429.546719413193,75.70829412087784,57.73818437892739,4110.068722937426,204.82313241225867,1,2,SSH-Patator
24,5261.009804564105,15,9,828.1204191479237,417.5328389653211,46.71034557479681,43.33159887799861,3906.8812460596173,290.8149620122988,2,0,SSH-Patator
20,5176.0630397951945,13,9,961.3669050046745,470.04005630878294,4.241817917809534,65.21391546107361,5246.184194041134,241.29181947502946,1,0,SSH-Patator
16,5239.742568956521,15,4,825.4764763200515,399.10745974688126,36.564174351689175,42.89198093266029,4905.512187602667,177.2087151511891,0,2,SSH-Patator
23,5175.272027556225,13,8,809.7211532213346,393.13123365723845,62.87241950901995,61.72747035315929,4427.927440689208,169.08259051880322,3,0,SSH-Patator
23,4950.948596870376,17,7,762.359399921898,407.5508931131098,33.37587925479505,29.269138481930757,4980.1409839579255,204.92393352386046,0,2,SSH-Patator
21,5614.6789207676475,18,8,846.3482484002853,315.02391508346864,79.86043695259262,80.60047384553178,5169.724548558831,202.63769468096427,1,0,SSH-Patator
21,5606.011062642797,14,9,954.8493279760283,394.05019295001154,43.765722961700845,42.905976695346425,3828.699744735188,235.08078738419925,2,0,SSH-Patator
18,4359.44205514459,15,9,783.0189194226323,374.98251322511595,67.90308887122488,17.837964626078367,5255.933656124035,264.51483199151767,3,0,SSH-Patator
21,5385.577263361097,17,10,939.5901904966549,423.31152921713823,67.56445925641971,84.42486223276849,4140.012571425928,254.82915571853587,2,1,SSH-Patator
18,5037.83777352528,12,3,947.9236957785797,326.9410161987352,63.40754278566661,26.768651567942435,4758.821130430095,188.67904651255824,0,1,SSH-Patator
19,3886.016695467314,20,9,964.0421768962267,409.27617599707514,78.89022509127332,42.81554869044849,5829.804494998735,243.0443385865829,1,1,SSH-Patator
23,4336.328650258365,16,8,1079.3863561623536,417.02699989711596,45.16623170965351,54.754651201230445,4601.557163589835,109.80695246433082,1,0,SSH-Patator
28,5195.90702557265,17,8,882.8814496196019,445.54902188533134,31.34553571938946,66.87927907143964,4936.283382038088,123.14347708130765,1,1,SSH-Patator
19,5705.4940674071295,18,6,807.2053139094027,390.63160939990246,52.015616911603416,65.37174308271852,6136.2547929704615,229.0785723501657,2,1,SSH-Patator
21,4696.757927926888,22,9,988.8907810811775,364.8133972624034,31.642306248180777,36.53795509108895,4643.02395926179,188.13129379952892,2,0,SSH-Patator
25,5275.303297839927,17,7,1012.8883764125566,413.0735618903787,65.09816676494042,48.110070731048424,4942.532872193271,211.77321379720058,2,0,SSH-Patator
20,5059.115410644683,18,8,994.620498600151,459.2610538153449,61.94226053937348,82.13770444924957,4116.011275887987,148.23991875888888,0,0,SSH-Patator
19,4892.856478222515,16,7,834.9149297763167,438.015236002145,57.543873623190855,55.367572139089,4630.698738626765,149.82662101351042,1,0,SSH-Patator
24,5019.6183719554565,12,10,739.1796495903156,288.85896709341796,47.49375926286699,39.7602393868508,5503.0083086021095,177.05158876819024,2,1,SSH-Patator
25,4197.718313057402,15,5,1048.4293927412295,353.77284637228956,46.30167640787874,60.07389694820325,4965.976410109338,195.7826328746272,2,0,SSH-Patator
18,5499.233620523897,13,8,734.9168741063326,398.34825887939024,53.64114784001038,57.4993762874795,7195.69157488087,122.05738953191734,1,0,SSH-Patator
22,4277.2445876196025,14,6,908.8171256498275,343.1148846778461,115.09605698627882,54.145222121227,5698.891820338446,105.49869288741745,1,0,SSH-Patator
30,4584.906974870724,16,6,882.2777645216512,284.7787520814294,22.114070124751294,34.717330727020745,5825.644683389683,234.21875762867603,1,0,SSH-Patator
27,4822.804116440454,12,7,864.7169705723089,503.4318580158564,59.50530876530789,39.415346911755904,4548.376470683456,136.34651421840854,3,0,SSH-Patator
22,4507.733803526511,12,3,909.9983860301201,533.9086352175424,95.75385469727438,58.185320095964805,6408.179563874546,168.31861258874113,0,2,SSH-Patator
18,6062.926428369333,19,5,851.0756407952429,378.4027684235762,75.26395268950436,42.4084491509092,4969.475609116122,138.14449677956185,3,1,SSH-Patator
22,4201.68657077525,15,13,955.8370170614403,475.47248256132866,17.04593403723134,43.929730205753714,4766.689240245396,244.34123301795844,1,1,SSH-Patator
27,5045.331728389285,14,8,759.4733241113265,301.4253678717823,25.564475854360587,52.78223433251671,4685.096997882805,193.08365351379453,1,0,SSH-Patator
31,4821.554035016682,12,5,762.1896773171432,430.4926833228852,54.36879878656948,40.91964075020852,4723.561929360648,138.32178130141912,1,0,SSH-Patator
19,5087.242764398146,17,6,931.511142012909,418.3782494001863,46.28152287984544,59.18758860230717,5889.415048884021,130.22853772853915,2,1,SSH-Patator
23,4196.497998487347,17,7,779.3277229847974,299.5734949281246,66.79906975230014,44.93591425796153,3552.071391667997,263.8196920063427,0,1,SSH-Patator
16,4867.623106648116,16,7,966.1483744103314,398.5036486280906,89.30540921065811,63.96386535695349,5473.038068331847,170.03733777033207,1,1,SSH-Patator
30,5755.660452625693,15,10,924.3975750322893,415.614526870216,62.0100968638932,44.69676048615237,5548.483810844012,328.495564307682,1,2,SSH-Patator
26,5050.422547590772,17,7,926.9022043000411,492.08976904091617,92.7456128607478,50.86191655979633,4887.026629617456,147.98862483111176,2,0,SSH-Patator
17,5133.477428295663,15,5,1064.8403606933468,299.0506592740008,27.483123003409986,68.98414371844896,4696.3776542252235,129.2701394994483,3,1,SSH-Patator
20,4946.387489110977,15,9,878.0914983552123,330.3151957377757,57.397992949625454,39.075816056623665,3333.44207306359,177.97072208800247,0,1,SSH-Patator
27,5227.06742244979,23,8,916.0281015020445,342.7174131548938,76.60891617133825,56.62756319960337,3327.279042954453,172.19723728280871,2,0,SSH-Patator
23,5098.664077330553,21,4,874.5949170419916,317.0827291202469,41.74485116509528,88.89287161115176,5920.993492207472,224.3047864163208,1,1,SSH-Patator
32,4477.680498094631,18,10,776.1834924885228,414.674345729899,46.02000320515158,51.218887543851146,5899.722575928168,212.99367939195886,3,1,SSH-Patator
10,5421.462145091085,11,2,855.8660425307537,368.46260560340096,102.09281535688848,71.21131017514416,5886.978488186898,203.51052265351657,2,0,SSH-Patator
27,4784.112460820094,14,8,806.8183536770382,584.2962696658642,64.92116056684891,42.33056934828632,4088.5273843136947,174.38912426032678,1,1,SSH-Patator
14,4780.4269870635635,20,8,906.6978190549609,378.35302185535005,56.044415507500815,53.53168455964752,6439.863790597186,257.04592232884613,1,0,SSH-Patator
24,4730.393838147746,18,10,802.0500703171627,272.21286078583233,32.59870771838127,48.11526549185979,3813.023015772681,212.92850292087346,2,1,SSH-Patator
21,4646.477034346053,16,4,958.7682287054583,540.5864015466589,85.92168833558154,50.20367286970312,4714.191051680765,215.94523625260155,1,2,SSH-Patator
19,4906.199161435511,11,9,683.6186892401886,450.0394832215776,70.88148092628701,24.337052304699476,5405.254465428853,189.17293146671548,1,0,SSH-Patator
13,4267.224009411395,9,8,760.2992569409687,528.7865474858611,67.14937077281776,72.81667263960604,4301.424637194798,263.75153977249215,1,1,SSH-Patator
23,5351.2240269838,11,6,1027.2284789418816,427.4149404896236,48.10281194942118,61.759824139432,5093.367647755642,175.92750884017454,4,0,SSH-Patator
20,5432.60180691257,16,11,979.8185618301168,431.1663149665565,47.28210392622327,82.55457852698339,4397.965192584337,185.73530715030702,1,1,SSH-Patator
19,4967.592840814978,13,4,807.5513998895261,525.4070644272556,52.09846550504203,53.37211998502046,7591.14326037763,167.9974798549785,2,2,SSH-Patator
17,5779.542177509892,17,5,910.2590146273994,325.6068865592772,116.25750930704103,92.57781324764798,5021.067663480883,172.2133123863818,2,0,SSH-Patator
20,4441.193698350897,14,8,944.6871191000813,444.4326933149665,49.848046815008274,67.63891457390392,5094.32401908048,214.59641529282095,3,1,SSH-Patator
17,5345.062190786899,11,8,893.1886259220594,271.7806728120721,31.325788244041735,31.486507218796444,5342.836899793281,237.18818655660928,2,3,SSH-Patator
26,4227.001949155238,16,5,793.022166876398,382.5442842254536,55.215027708409494,56.740962021334205,5764.099045586783,245.56785611506456,1,1,SSH-Patator
27,4448.924864840002,18,9,851.8761416794532,474.4620153162113,68.37916471633585,64.36682937141524,6606.482288926038,196.56973900064042,0,0,SSH-Patator
16,5507.770335753772,13,7,813.5711786925283,467.5799494921197,66.01149519621121,65.38316711084647,5229.533721096509,169.62740919289013,1,2,SSH-Patator
20,5334.744489289705,11,7,822.3408179404995,347.01891885220454,71.06989123520097,67.06042544107818,4729.013663499099,285.345853172757,1,0,SSH-Patator
24,4346.134067042914,13,8,1054.5995763527185,433.17949964889436,45.303360917548275,75.31470562704088,5240.496011395117,252.00034137089582,3,1,SSH-Patator
18,5345.169373590546,15,7,917.8471277359516,347.57837615717733,39.445724187936264,39.19430659965693,5142.229485622087,186.6690553640438,2,1,SSH-Patator
24,4489.042521303895,10,6,737.5290997744352,448.59604473272276,75.36005871229543,16.71485570866259,4561.778742288905,192.8848216222219,1,0,SSH-Patator
17,4767.744393118016,14,8,786.2463391363106,441.5628458657148,42.36494042032992,42.12454650399066,4757.371870602804,160.6121638153071,2,0,SSH-Patator
17,5813.95095429155,14,7,582.8345493112101,387.62088190450726,89.59948602718617,42.02866997738602,4648.613159702759,229.9157767290887,2,2,SSH-Patator
25,4862.58931106248,12,9,967.9057923326654,429.20850413057514,46.295305055239695,39.94271158942425,6513.549902701297,183.70226444260828,2,0,SSH-Patator
13,5271.155504552451,11,11,845.3098196372131,359.61668147817124,55.622575454679556,48.424579712171585,4560.480258777258,184.59918794435805,3,1,SSH-Patator
25,5030.521940227327,16,6,1105.1190631196102,343.6268870821246,25.035925795270735,22.50267144036384,3978.9083085643697,187.0051256664755,3,0,SSH-Patator
25,4513.990066557135,18,9,1144.6215772720482,381.63045318010256,74.9914336671324,66.45057717416286,4542.215295587024,194.96576673778662,1,0,SSH-Patator
18,4394.192522406034,17,7,772.0498535232405,398.6836599422338,64.97825354786232,42.1594801806387,5986.467355480938,187.87057720718553,2,3,SSH-Patator
18,4991.60016739679,15,5,835.9707098998242,444.5934727069312,91.15606276022608,35.37811822268429,5422.501302546431,186.468293567435,1,0,SSH-Patator
23,3933.6571324934926,16,8,934.6653200690454,384.36710441010626,33.29465000755073,18.114067271756007,5071.116397336565,219.2497198282668,2,0,SSH-Patator
26,6136.033228002684,13,6,842.4492011485167,506.2794713041198,43.17720575172674,39.63850846595443,4801.582207894097,186.40789223510802,2,0,SSH-Patator
15,5066.092284502139,15,11,1062.3314456068294,508.84497452892003,60.9097739221299,58.1783500252663,5482.302414411292,200.20359131647382,0,1,SSH-Patator
23,5824.002762610357,18,6,948.796757091048,333.3412962233951,83.62928001600473,46.42032311312315,3674.1868658186568,110.88108217497708,2,1,SSH-Patator
17,6153.176444378517,13,11,802.2064446531343,414.322106791138,48.476679993908235,91.51415690149139,5979.9015901091625,210.6368941861269,2,1,SSH-Patator
22,4317.299731286979,16,10,803.8742707105754,320.350764110724,31.7740310589588,30.502316979050477,5972.74892139896,217.40028042003192,0,2,SSH-Patator
20,5311.164308272226,13,5,917.638126506262,375.13125466877716,64.51583882165775,50.70053897574346,3799.206911040954,217.79453670812805,1,1,SSH-Patator
26,5229.855311294771,17,11,855.8762999648284,359.9176362561993,38.84071854383005,70.15627266136454,4098.520558413934,225.70762012067985,3,0,SSH-Patator
29,4490.898830063216,17,8,690.2992196646933,395.6775621127913,90.42109040645235,45.995660622433725,3765.9100014523083,238.20737514234065,2,0,SSH-Patator
22,4337.049185414448,10,9,998.7397312301374,494.1207257312918,74.972777320137,45.68787986939946,6103.6356153481565,163.6450888062177,1,1,SSH-Patator
19,4906.993436448136,12,9,1099.389424807286,468.4695915381697,97.81266709807105,69.6102093676095,5829.172861000207,146.06054982963084,2,0,SSH-Patator
27,5107.8979976099745,14,7,807.7131364939246,393.6877430215326,53.676990522863065,56.88294054388428,3707.8426890665396,181.68580451092086,3,0,SSH-Patator
